province_id,river_ids,river_names,primary_river_id,primary_river_name,river_types,max_width_class,has_major_river,has_tributary,has_canal,has_delta,has_marsh_channel,has_wadi,has_floodplain,has_crossing,river_crossing_type,crossing_ids,navigable_river,river_trade_value,river_defense_bonus,river_movement_penalty,supply_bonus,farmland_bonus
PROV_ROV_HALEM,,,,,,,false,false,false,false,false,false,false,false,none,,false,0,0,0,0,0
PROV_SEVRIN_CANAL,,,,,,,false,false,false,false,false,false,false,false,none,,false,0,0,0,0,0
PROV_RED_BOG,,,,,,,false,false,false,false,false,false,false,false,none,,false,0,0,0,0,0
PROV_OPEN_GATE,,,,,,,false,false,false,false,false,false,false,false,none,,false,0,0,0,0,0
PROV_WEST_GEAR,,,,,,,false,false,false,false,false,false,false,false,none,,false,0,0,0,0,0
PROV_THIRD_CHARTER,,,,,,,false,false,false,false,false,false,false,false,none,,false,0,0,0,0,0
PROV_BLUE_CHAIN,,,,,,,false,false,false,false,false,false,false,false,none,,false,0,0,0,0,0
PROV_WHITE_MARE,,,,,,,false,false,false,false,false,false,false,false,none,,false,0,0,0,0,0
PROV_NINTH_BANNER,,,,,,,false,false,false,false,false,false,false,false,none,,false,0,0,0,0,0
PROV_ROV_BASIN_001,,,,,,,false,false,false,false,false,false,false,false,none,,false,0,0,0,0,0
PROV_ROV_BASIN_002,,,,,,,false,false,false,false,false,false,false,false,none,,false,0,0,0,0,0
PROV_ROV_BASIN_003,,,,,,,false,false,false,false,false,false,false,false,none,,false,0,0,0,0,0
PROV_ROV_BASIN_004,,,,,,,false,false,false,false,false,false,false,false,none,,false,0,0,0,0,0
PROV_ROV_BASIN_005,,,,,,,false,false,false,false,false,false,false,false,none,,false,0,0,0,0,0
PROV_ROV_BASIN_006,,,,,,,false,false,false,false,false,false,false,false,none,,false,0,0,0,0,0
PROV_ROV_BASIN_007,,,,,,,false,false,false,false,false,false,false,false,none,,false,0,0,0,0,0
PROV_ROV_BASIN_008,,,,,,,false,false,false,false,false,false,false,false,none,,false,0,0,0,0,0
PROV_ROV_BASIN_009,,,,,,,false,false,false,false,false,false,false,false,none,,false,0,0,0,0,0
PROV_ROV_BASIN_010,,,,,,,false,false,false,false,false,false,false,false,none,,false,0,0,0,0,0
PROV_ROV_BASIN_011,,,,,,,false,false,false,false,false,false,false,false,none,,false,0,0,0,0,0
PROV_ROV_BASIN_012,,,,,,,false,false,false,false,false,false,false,false,none,,false,0,0,0,0,0
PROV_ROV_BASIN_013,,,,,,,false,false,false,false,false,false,false,false,none,,false,0,0,0,0,0
PROV_ROV_BASIN_014,,,,,,,false,false,false,false,false,false,false,false,none,,false,0,0,0,0,0
PROV_ROV_BASIN_015,,,,,,,false,false,false,false,false,false,false,false,none,,false,0,0,0,0,0
PROV_ROV_BASIN_016,,,,,,,false,false,false,false,false,false,false,false,none,,false,0,0,0,0,0
PROV_ROV_BASIN_017,,,,,,,false,false,false,false,false,false,false,false,none,,false,0,0,0,0,0
PROV_ROV_BASIN_018,,,,,,,false,false,false,false,false,false,false,false,none,,false,0,0,0,0,0
PROV_ROV_BASIN_019,,,,,,,false,false,false,false,false,false,false,false,none,,false,0,0,0,0,0
PROV_ROV_BASIN_020,,,,,,,false,false,false,false,false,false,false,false,none,,false,0,0,0,0,0
PROV_ROV_BASIN_021,,,,,,,false,false,false,false,false,false,false,false,none,,false,0,0,0,0,0
PROV_ROV_BASIN_022,,,,,,,false,false,false,false,false,false,false,false,none,,false,0,0,0,0,0
PROV_ROV_BASIN_023,,,,,,,false,false,false,false,false,false,false,false,none,,false,0,0,0,0,0
PROV_ROV_BASIN_024,,,,,,,false,false,false,false,false,false,false,false,none,,false,0,0,0,0,0
PROV_ROV_BASIN_025,,,,,,,false,false,false,false,false,false,false,false,none,,false,0,0,0,0,0
PROV_ROV_BASIN_026,,,,,,,false,false,false,false,false,false,false,false,none,,false,0,0,0,0,0
PROV_ROV_BASIN_027,,,,,,,false,false,false,false,false,false,false,false,none,,false,0,0,0,0,0
PROV_ROV_BASIN_028,,,,,,,false,false,false,false,false,false,false,false,none,,false,0,0,0,0,0
PROV_ROV_BASIN_029,,,,,,,false,false,false,false,false,false,false,false,none,,false,0,0,0,0,0
PROV_ROV_BASIN_030,,,,,,,false,false,false,false,false,false,false,false,none,,false,0,0,0,0,0
PROV_GREYHOOK_001,,,,,,,false,false,false,false,false,false,false,false,none,,false,0,0,0,0,0
PROV_GREYHOOK_002,,,,,,,false,false,false,false,false,false,false,false,none,,false,0,0,0,0,0
PROV_GREYHOOK_003,,,,,,,false,false,false,false,false,false,false,false,none,,false,0,0,0,0,0
PROV_GREYHOOK_004,,,,,,,false,false,false,false,false,false,false,false,none,,false,0,0,0,0,0
PROV_GREYHOOK_005,,,,,,,false,false,false,false,false,false,false,false,none,,false,0,0,0,0,0
PROV_GREYHOOK_006,,,,,,,false,false,false,false,false,false,false,false,none,,false,0,0,0,0,0
PROV_GREYHOOK_007,,,,,,,false,false,false,false,false,false,false,false,none,,false,0,0,0,0,0
PROV_GREYHOOK_008,,,,,,,false,false,false,false,false,false,false,false,none,,false,0,0,0,0,0
PROV_GREYHOOK_009,,,,,,,false,false,false,false,false,false,false,false,none,,false,0,0,0,0,0
PROV_GREYHOOK_010,,,,,,,false,false,false,false,false,false,false,false,none,,false,0,0,0,0,0
PROV_GREYHOOK_011,SIM_RIVER_003,Simulated River 3,SIM_RIVER_003,Simulated River 3,major_river,4,true,false,false,false,false,false,true,true,ford,SIM_RIVER_003_PROV_GREYHOOK_011_FORD,false,13,9,2,4,3
PROV_GREYHOOK_012,,,,,,,false,false,false,false,false,false,false,false,none,,false,0,0,0,0,0
PROV_GREYHOOK_013,,,,,,,false,false,false,false,false,false,false,false,none,,false,0,0,0,0,0
PROV_GREYHOOK_014,,,,,,,false,false,false,false,false,false,false,false,none,,false,0,0,0,0,0
PROV_GREYHOOK_015,,,,,,,false,false,false,false,false,false,false,false,none,,false,0,0,0,0,0
PROV_GREYHOOK_016,,,,,,,false,false,false,false,false,false,false,false,none,,false,0,0,0,0,0
PROV_GREYHOOK_017,,,,,,,false,false,false,false,false,false,false,false,none,,false,0,0,0,0,0
PROV_GREYHOOK_018,,,,,,,false,false,false,false,false,false,false,false,none,,false,0,0,0,0,0
PROV_GREYHOOK_019,,,,,,,false,false,false,false,false,false,false,false,none,,false,0,0,0,0,0
PROV_GREYHOOK_020,,,,,,,false,false,false,false,false,false,false,false,none,,false,0,0,0,0,0
PROV_GREYHOOK_021,,,,,,,false,false,false,false,false,false,false,false,none,,false,0,0,0,0,0
PROV_GREYHOOK_022,,,,,,,false,false,false,false,false,false,false,false,none,,false,0,0,0,0,0
PROV_GREYHOOK_023,,,,,,,false,false,false,false,false,false,false,false,none,,false,0,0,0,0,0
PROV_GREYHOOK_024,,,,,,,false,false,false,false,false,false,false,false,none,,false,0,0,0,0,0
PROV_GREYHOOK_025,,,,,,,false,false,false,false,false,false,false,false,none,,false,0,0,0,0,0
PROV_GREYHOOK_026,,,,,,,false,false,false,false,false,false,false,false,none,,false,0,0,0,0,0
PROV_GREYHOOK_027,,,,,,,false,false,false,false,false,false,false,false,none,,false,0,0,0,0,0
PROV_GREYHOOK_028,RIV_CUSTOM_011,New River 11,RIV_CUSTOM_011,New River 11,tributary,2,false,true,false,false,false,false,false,false,none,,false,6,4,2,1,0
PROV_GREYHOOK_029,RIV_CUSTOM_011,New River 11,RIV_CUSTOM_011,New River 11,tributary,2,false,true,false,false,false,false,false,false,none,,false,6,4,2,1,0
PROV_GREYHOOK_030,,,,,,,false,false,false,false,false,false,false,false,none,,false,0,0,0,0,0
PROV_GREYHOOK_031,,,,,,,false,false,false,false,false,false,false,false,none,,false,0,0,0,0,0
PROV_GREYHOOK_032,,,,,,,false,false,false,false,false,false,false,false,none,,false,0,0,0,0,0
PROV_GREYHOOK_033,,,,,,,false,false,false,false,false,false,false,false,none,,false,0,0,0,0,0
PROV_GREYHOOK_034,,,,,,,false,false,false,false,false,false,false,false,none,,false,0,0,0,0,0
PROV_GREYHOOK_035,,,,,,,false,false,false,false,false,false,false,false,none,,false,0,0,0,0,0
PROV_GREYHOOK_036,,,,,,,false,false,false,false,false,false,false,false,none,,false,0,0,0,0,0
PROV_GREYHOOK_037,,,,,,,false,false,false,false,false,false,false,false,none,,false,0,0,0,0,0
PROV_GREYHOOK_038,,,,,,,false,false,false,false,false,false,false,false,none,,false,0,0,0,0,0
PROV_GREYHOOK_039,,,,,,,false,false,false,false,false,false,false,false,none,,false,0,0,0,0,0
PROV_GREYHOOK_040,,,,,,,false,false,false,false,false,false,false,false,none,,false,0,0,0,0,0
PROV_GREYHOOK_041,,,,,,,false,false,false,false,false,false,false,false,none,,false,0,0,0,0,0
PROV_GREYHOOK_042,,,,,,,false,false,false,false,false,false,false,false,none,,false,0,0,0,0,0
PROV_GREYHOOK_043,,,,,,,false,false,false,false,false,false,false,false,none,,false,0,0,0,0,0
PROV_GREYHOOK_044,,,,,,,false,false,false,false,false,false,false,false,none,,false,0,0,0,0,0
PROV_GREYHOOK_045,,,,,,,false,false,false,false,false,false,false,false,none,,false,0,0,0,0,0
PROV_GREYHOOK_046,,,,,,,false,false,false,false,false,false,false,false,none,,false,0,0,0,0,0
PROV_GREYHOOK_047,,,,,,,false,false,false,false,false,false,false,false,none,,false,0,0,0,0,0
PROV_GREYHOOK_048,,,,,,,false,false,false,false,false,false,false,false,none,,false,0,0,0,0,0
PROV_GREYHOOK_049,,,,,,,false,false,false,false,false,false,false,false,none,,false,0,0,0,0,0
PROV_GREYHOOK_050,,,,,,,false,false,false,false,false,false,false,false,none,,false,0,0,0,0,0
PROV_GREYHOOK_051,,,,,,,false,false,false,false,false,false,false,false,none,,false,0,0,0,0,0
PROV_GREYHOOK_052,,,,,,,false,false,false,false,false,false,false,false,none,,false,0,0,0,0,0
PROV_GREYHOOK_053,,,,,,,false,false,false,false,false,false,false,false,none,,false,0,0,0,0,0
PROV_GREYHOOK_054,,,,,,,false,false,false,false,false,false,false,false,none,,false,0,0,0,0,0
PROV_GREYHOOK_055,SIM_RIVER_001,Simulated River 1,SIM_RIVER_001,Simulated River 1,tributary,5,true,true,false,false,false,false,true,false,none,,true,20,9,5,7,3
PROV_GREYHOOK_056,,,,,,,false,false,false,false,false,false,false,false,none,,false,0,0,0,0,0
PROV_GREYHOOK_057,,,,,,,false,false,false,false,false,false,false,false,none,,false,0,0,0,0,0
PROV_GREYHOOK_058,,,,,,,false,false,false,false,false,false,false,false,none,,false,0,0,0,0,0
PROV_GREYHOOK_059,,,,,,,false,false,false,false,false,false,false,false,none,,false,0,0,0,0,0
PROV_GREYHOOK_060,,,,,,,false,false,false,false,false,false,false,false,none,,false,0,0,0,0,0
PROV_GREYHOOK_061,SIM_RIVER_001,Simulated River 1,SIM_RIVER_001,Simulated River 1,tributary,5,true,true,false,false,false,false,true,false,none,,true,20,9,5,7,3
PROV_GREYHOOK_062,,,,,,,false,false,false,false,false,false,false,false,none,,false,0,0,0,0,0
PROV_GREYHOOK_063,,,,,,,false,false,false,false,false,false,false,false,none,,false,0,0,0,0,0
PROV_GREYHOOK_064,,,,,,,false,false,false,false,false,false,false,false,none,,false,0,0,0,0,0
PROV_GREYHOOK_065,,,,,,,false,false,false,false,false,false,false,false,none,,false,0,0,0,0,0
PROV_GREYHOOK_066,,,,,,,false,false,false,false,false,false,false,false,none,,false,0,0,0,0,0
PROV_GREYHOOK_067,,,,,,,false,false,false,false,false,false,false,false,none,,false,0,0,0,0,0
PROV_GREYHOOK_068,,,,,,,false,false,false,false,false,false,false,false,none,,false,0,0,0,0,0
PROV_GREYHOOK_069,,,,,,,false,false,false,false,false,false,false,false,none,,false,0,0,0,0,0
PROV_GREYHOOK_070,,,,,,,false,false,false,false,false,false,false,false,none,,false,0,0,0,0,0
PROV_GREYHOOK_071,,,,,,,false,false,false,false,false,false,false,false,none,,false,0,0,0,0,0
PROV_GREYHOOK_072,,,,,,,false,false,false,false,false,false,false,false,none,,false,0,0,0,0,0
PROV_GREYHOOK_073,,,,,,,false,false,false,false,false,false,false,false,none,,false,0,0,0,0,0
PROV_GREYHOOK_074,SIM_RIVER_001,Simulated River 1,SIM_RIVER_001,Simulated River 1,tributary,5,true,true,false,false,false,false,true,false,none,,true,20,9,5,7,3
PROV_GREYHOOK_075,SIM_RIVER_001,Simulated River 1,SIM_RIVER_001,Simulated River 1,tributary,5,true,true,false,false,false,false,true,false,none,,true,20,9,5,7,3
PROV_GREYHOOK_076,,,,,,,false,false,false,false,false,false,false,false,none,,false,0,0,0,0,0
PROV_GREYHOOK_077,,,,,,,false,false,false,false,false,false,false,false,none,,false,0,0,0,0,0
PROV_GREYHOOK_078,,,,,,,false,false,false,false,false,false,false,false,none,,false,0,0,0,0,0
PROV_GREYHOOK_079,,,,,,,false,false,false,false,false,false,false,false,none,,false,0,0,0,0,0
PROV_GREYHOOK_080,,,,,,,false,false,false,false,false,false,false,false,none,,false,0,0,0,0,0
PROV_GREYHOOK_081,,,,,,,false,false,false,false,false,false,false,false,none,,false,0,0,0,0,0
PROV_GREYHOOK_082,,,,,,,false,false,false,false,false,false,false,false,none,,false,0,0,0,0,0
PROV_GREYHOOK_083,,,,,,,false,false,false,false,false,false,false,false,none,,false,0,0,0,0,0
PROV_GREYHOOK_084,,,,,,,false,false,false,false,false,false,false,false,none,,false,0,0,0,0,0
PROV_GREYHOOK_085,,,,,,,false,false,false,false,false,false,false,false,none,,false,0,0,0,0,0
PROV_GREYHOOK_086,,,,,,,false,false,false,false,false,false,false,false,none,,false,0,0,0,0,0
PROV_GREYHOOK_087,,,,,,,false,false,false,false,false,false,false,false,none,,false,0,0,0,0,0
PROV_GREYHOOK_088,,,,,,,false,false,false,false,false,false,false,false,none,,false,0,0,0,0,0
PROV_GREYHOOK_089,,,,,,,false,false,false,false,false,false,false,false,none,,false,0,0,0,0,0
PROV_GREYHOOK_090,,,,,,,false,false,false,false,false,false,false,false,none,,false,0,0,0,0,0
PROV_GREYHOOK_091,,,,,,,false,false,false,false,false,false,false,false,none,,false,0,0,0,0,0
PROV_GREYHOOK_092,,,,,,,false,false,false,false,false,false,false,false,none,,false,0,0,0,0,0
PROV_GREYHOOK_093,,,,,,,false,false,false,false,false,false,false,false,none,,false,0,0,0,0,0
PROV_GREYHOOK_094,,,,,,,false,false,false,false,false,false,false,false,none,,false,0,0,0,0,0
PROV_GREYHOOK_095,,,,,,,false,false,false,false,false,false,false,false,none,,false,0,0,0,0,0
PROV_GREYHOOK_096,,,,,,,false,false,false,false,false,false,false,false,none,,false,0,0,0,0,0
PROV_GREYHOOK_097,,,,,,,false,false,false,false,false,false,false,false,none,,false,0,0,0,0,0
PROV_GREYHOOK_098,,,,,,,false,false,false,false,false,false,false,false,none,,false,0,0,0,0,0
PROV_GREYHOOK_099,,,,,,,false,false,false,false,false,false,false,false,none,,false,0,0,0,0,0
PROV_GREYHOOK_100,,,,,,,false,false,false,false,false,false,false,false,none,,false,0,0,0,0,0
PROV_GREYHOOK_101,,,,,,,false,false,false,false,false,false,false,false,none,,false,0,0,0,0,0
PROV_GREYHOOK_102,,,,,,,false,false,false,false,false,false,false,false,none,,false,0,0,0,0,0
PROV_GREYHOOK_103,,,,,,,false,false,false,false,false,false,false,false,none,,false,0,0,0,0,0
PROV_GREYHOOK_104,,,,,,,false,false,false,false,false,false,false,false,none,,false,0,0,0,0,0
PROV_GREYHOOK_105,,,,,,,false,false,false,false,false,false,false,false,none,,false,0,0,0,0,0
PROV_GREYHOOK_106,,,,,,,false,false,false,false,false,false,false,false,none,,false,0,0,0,0,0
PROV_GREYHOOK_107,,,,,,,false,false,false,false,false,false,false,false,none,,false,0,0,0,0,0
PROV_GREYHOOK_108,,,,,,,false,false,false,false,false,false,false,false,none,,false,0,0,0,0,0
PROV_GREYHOOK_109,,,,,,,false,false,false,false,false,false,false,false,none,,false,0,0,0,0,0
PROV_GREYHOOK_110,,,,,,,false,false,false,false,false,false,false,false,none,,false,0,0,0,0,0
PROV_GREYHOOK_111,,,,,,,false,false,false,false,false,false,false,false,none,,false,0,0,0,0,0
PROV_GREYHOOK_112,,,,,,,false,false,false,false,false,false,false,false,none,,false,0,0,0,0,0
PROV_GREYHOOK_113,,,,,,,false,false,false,false,false,false,false,false,none,,false,0,0,0,0,0
PROV_GREYHOOK_114,,,,,,,false,false,false,false,false,false,false,false,none,,false,0,0,0,0,0
PROV_GREYHOOK_115,,,,,,,false,false,false,false,false,false,false,false,none,,false,0,0,0,0,0
PROV_GREYHOOK_116,SIM_RIVER_004,Simulated River 4,SIM_RIVER_004,Simulated River 4,tributary,5,true,true,false,false,false,false,true,true,ford,SIM_RIVER_004_PROV_GREYHOOK_116_FORD,true,20,11,3,7,3
PROV_GREYHOOK_117,,,,,,,false,false,false,false,false,false,false,false,none,,false,0,0,0,0,0
PROV_GREYHOOK_118,,,,,,,false,false,false,false,false,false,false,false,none,,false,0,0,0,0,0
PROV_GREYHOOK_119,,,,,,,false,false,false,false,false,false,false,false,none,,false,0,0,0,0,0
PROV_GREYHOOK_120,,,,,,,false,false,false,false,false,false,false,false,none,,false,0,0,0,0,0
PROV_GREYHOOK_121,,,,,,,false,false,false,false,false,false,false,false,none,,false,0,0,0,0,0
PROV_GREYHOOK_122,SIM_RIVER_004,Simulated River 4,SIM_RIVER_004,Simulated River 4,tributary,5,true,true,false,false,false,false,true,true,ford,SIM_RIVER_004_PROV_GREYHOOK_122_FORD,true,20,11,3,7,3
PROV_GREYHOOK_123,,,,,,,false,false,false,false,false,false,false,false,none,,false,0,0,0,0,0
PROV_GREYHOOK_124,,,,,,,false,false,false,false,false,false,false,false,none,,false,0,0,0,0,0
PROV_CAIRN_MARCH_001,,,,,,,false,false,false,false,false,false,false,false,none,,false,0,0,0,0,0
PROV_CAIRN_MARCH_002,,,,,,,false,false,false,false,false,false,false,false,none,,false,0,0,0,0,0
PROV_CAIRN_MARCH_003,,,,,,,false,false,false,false,false,false,false,false,none,,false,0,0,0,0,0
PROV_CAIRN_MARCH_004,,,,,,,false,false,false,false,false,false,false,false,none,,false,0,0,0,0,0
PROV_CAIRN_MARCH_005,,,,,,,false,false,false,false,false,false,false,false,none,,false,0,0,0,0,0
PROV_CAIRN_MARCH_006,,,,,,,false,false,false,false,false,false,false,false,none,,false,0,0,0,0,0
PROV_CAIRN_MARCH_007,,,,,,,false,false,false,false,false,false,false,false,none,,false,0,0,0,0,0
PROV_CAIRN_MARCH_008,,,,,,,false,false,false,false,false,false,false,false,none,,false,0,0,0,0,0
PROV_CAIRN_MARCH_009,,,,,,,false,false,false,false,false,false,false,false,none,,false,0,0,0,0,0
PROV_CAIRN_MARCH_010,,,,,,,false,false,false,false,false,false,false,false,none,,false,0,0,0,0,0
PROV_CAIRN_MARCH_011,,,,,,,false,false,false,false,false,false,false,false,none,,false,0,0,0,0,0
PROV_CAIRN_MARCH_012,,,,,,,false,false,false,false,false,false,false,false,none,,false,0,0,0,0,0
PROV_CAIRN_MARCH_013,,,,,,,false,false,false,false,false,false,false,false,none,,false,0,0,0,0,0
PROV_CAIRN_MARCH_014,,,,,,,false,false,false,false,false,false,false,false,none,,false,0,0,0,0,0
PROV_CAIRN_MARCH_015,,,,,,,false,false,false,false,false,false,false,false,none,,false,0,0,0,0,0
PROV_CAIRN_MARCH_016,,,,,,,false,false,false,false,false,false,false,false,none,,false,0,0,0,0,0
PROV_CAIRN_MARCH_017,,,,,,,false,false,false,false,false,false,false,false,none,,false,0,0,0,0,0
PROV_CAIRN_MARCH_018,,,,,,,false,false,false,false,false,false,false,false,none,,false,0,0,0,0,0
PROV_CAIRN_MARCH_019,,,,,,,false,false,false,false,false,false,false,false,none,,false,0,0,0,0,0
PROV_CAIRN_MARCH_020,,,,,,,false,false,false,false,false,false,false,false,none,,false,0,0,0,0,0
PROV_CAIRN_MARCH_021,,,,,,,false,false,false,false,false,false,false,false,none,,false,0,0,0,0,0
PROV_CAIRN_MARCH_022,,,,,,,false,false,false,false,false,false,false,false,none,,false,0,0,0,0,0
PROV_CAIRN_MARCH_023,,,,,,,false,false,false,false,false,false,false,false,none,,false,0,0,0,0,0
PROV_CAIRN_MARCH_024,,,,,,,false,false,false,false,false,false,false,false,none,,false,0,0,0,0,0
PROV_CAIRN_MARCH_025,,,,,,,false,false,false,false,false,false,false,false,none,,false,0,0,0,0,0
PROV_CAIRN_MARCH_026,,,,,,,false,false,false,false,false,false,false,false,none,,false,0,0,0,0,0
PROV_CAIRN_MARCH_027,,,,,,,false,false,false,false,false,false,false,false,none,,false,0,0,0,0,0
PROV_CAIRN_MARCH_028,,,,,,,false,false,false,false,false,false,false,false,none,,false,0,0,0,0,0
PROV_CAIRN_MARCH_029,,,,,,,false,false,false,false,false,false,false,false,none,,false,0,0,0,0,0
PROV_CAIRN_MARCH_030,,,,,,,false,false,false,false,false,false,false,false,none,,false,0,0,0,0,0
PROV_CAIRN_MARCH_031,,,,,,,false,false,false,false,false,false,false,false,none,,false,0,0,0,0,0
PROV_CAIRN_MARCH_032,,,,,,,false,false,false,false,false,false,false,false,none,,false,0,0,0,0,0
PROV_CAIRN_MARCH_033,,,,,,,false,false,false,false,false,false,false,false,none,,false,0,0,0,0,0
PROV_CAIRN_MARCH_034,,,,,,,false,false,false,false,false,false,false,false,none,,false,0,0,0,0,0
PROV_CAIRN_MARCH_035,,,,,,,false,false,false,false,false,false,false,false,none,,false,0,0,0,0,0
PROV_CAIRN_MARCH_036,,,,,,,false,false,false,false,false,false,false,false,none,,false,0,0,0,0,0
PROV_CAIRN_MARCH_037,,,,,,,false,false,false,false,false,false,false,false,none,,false,0,0,0,0,0
PROV_CAIRN_MARCH_038,,,,,,,false,false,false,false,false,false,false,false,none,,false,0,0,0,0,0
PROV_CAIRN_MARCH_039,,,,,,,false,false,false,false,false,false,false,false,none,,false,0,0,0,0,0
PROV_CAIRN_MARCH_040,,,,,,,false,false,false,false,false,false,false,false,none,,false,0,0,0,0,0
PROV_CAIRN_MARCH_041,,,,,,,false,false,false,false,false,false,false,false,none,,false,0,0,0,0,0
PROV_CAIRN_MARCH_042,,,,,,,false,false,false,false,false,false,false,false,none,,false,0,0,0,0,0
PROV_CAIRN_MARCH_043,,,,,,,false,false,false,false,false,false,false,false,none,,false,0,0,0,0,0
PROV_CAIRN_MARCH_044,,,,,,,false,false,false,false,false,false,false,false,none,,false,0,0,0,0,0
PROV_CAIRN_MARCH_045,,,,,,,false,false,false,false,false,false,false,false,none,,false,0,0,0,0,0
PROV_CAIRN_MARCH_046,,,,,,,false,false,false,false,false,false,false,false,none,,false,0,0,0,0,0
PROV_CAIRN_MARCH_047,,,,,,,false,false,false,false,false,false,false,false,none,,false,0,0,0,0,0
PROV_CAIRN_MARCH_048,,,,,,,false,false,false,false,false,false,false,false,none,,false,0,0,0,0,0
PROV_CAIRN_MARCH_049,,,,,,,false,false,false,false,false,false,false,false,none,,false,0,0,0,0,0
PROV_CAIRN_MARCH_050,,,,,,,false,false,false,false,false,false,false,false,none,,false,0,0,0,0,0
PROV_CAIRN_MARCH_051,,,,,,,false,false,false,false,false,false,false,false,none,,false,0,0,0,0,0
PROV_CAIRN_MARCH_052,,,,,,,false,false,false,false,false,false,false,false,none,,false,0,0,0,0,0
PROV_CAIRN_MARCH_053,,,,,,,false,false,false,false,false,false,false,false,none,,false,0,0,0,0,0
PROV_CAIRN_MARCH_054,,,,,,,false,false,false,false,false,false,false,false,none,,false,0,0,0,0,0
PROV_CAIRN_MARCH_055,,,,,,,false,false,false,false,false,false,false,false,none,,false,0,0,0,0,0
PROV_CAIRN_MARCH_056,,,,,,,false,false,false,false,false,false,false,false,none,,false,0,0,0,0,0
PROV_CAIRN_MARCH_057,,,,,,,false,false,false,false,false,false,false,false,none,,false,0,0,0,0,0
PROV_CAIRN_MARCH_058,,,,,,,false,false,false,false,false,false,false,false,none,,false,0,0,0,0,0
PROV_CAIRN_MARCH_059,,,,,,,false,false,false,false,false,false,false,false,none,,false,0,0,0,0,0
PROV_CAIRN_MARCH_060,,,,,,,false,false,false,false,false,false,false,false,none,,false,0,0,0,0,0
PROV_CAIRN_MARCH_061,,,,,,,false,false,false,false,false,false,false,false,none,,false,0,0,0,0,0
PROV_CAIRN_MARCH_062,,,,,,,false,false,false,false,false,false,false,false,none,,false,0,0,0,0,0
PROV_CAIRN_MARCH_063,,,,,,,false,false,false,false,false,false,false,false,none,,false,0,0,0,0,0
PROV_CAIRN_MARCH_064,,,,,,,false,false,false,false,false,false,false,false,none,,false,0,0,0,0,0
PROV_CAIRN_MARCH_065,,,,,,,false,false,false,false,false,false,false,false,none,,false,0,0,0,0,0
PROV_CAIRN_MARCH_066,,,,,,,false,false,false,false,false,false,false,false,none,,false,0,0,0,0,0
PROV_CAIRN_MARCH_067,,,,,,,false,false,false,false,false,false,false,false,none,,false,0,0,0,0,0
PROV_CAIRN_MARCH_068,,,,,,,false,false,false,false,false,false,false,false,none,,false,0,0,0,0,0
PROV_CAIRN_MARCH_069,,,,,,,false,false,false,false,false,false,false,false,none,,false,0,0,0,0,0
PROV_CAIRN_MARCH_070,,,,,,,false,false,false,false,false,false,false,false,none,,false,0,0,0,0,0
PROV_CAIRN_MARCH_071,,,,,,,false,false,false,false,false,false,false,false,none,,false,0,0,0,0,0
PROV_CAIRN_MARCH_072,,,,,,,false,false,false,false,false,false,false,false,none,,false,0,0,0,0,0
PROV_CAIRN_MARCH_073,,,,,,,false,false,false,false,false,false,false,false,none,,false,0,0,0,0,0
PROV_CAIRN_MARCH_074,,,,,,,false,false,false,false,false,false,false,false,none,,false,0,0,0,0,0
PROV_CAIRN_MARCH_075,,,,,,,false,false,false,false,false,false,false,false,none,,false,0,0,0,0,0
PROV_CAIRN_MARCH_076,,,,,,,false,false,false,false,false,false,false,false,none,,false,0,0,0,0,0
PROV_CAIRN_MARCH_077,,,,,,,false,false,false,false,false,false,false,false,none,,false,0,0,0,0,0
PROV_CAIRN_MARCH_078,,,,,,,false,false,false,false,false,false,false,false,none,,false,0,0,0,0,0
PROV_CAIRN_MARCH_079,,,,,,,false,false,false,false,false,false,false,false,none,,false,0,0,0,0,0
PROV_CAIRN_MARCH_080,,,,,,,false,false,false,false,false,false,false,false,none,,false,0,0,0,0,0
PROV_CAIRN_MARCH_081,,,,,,,false,false,false,false,false,false,false,false,none,,false,0,0,0,0,0
PROV_CAIRN_MARCH_082,,,,,,,false,false,false,false,false,false,false,false,none,,false,0,0,0,0,0
PROV_CAIRN_MARCH_083,,,,,,,false,false,false,false,false,false,false,false,none,,false,0,0,0,0,0
PROV_CAIRN_MARCH_084,,,,,,,false,false,false,false,false,false,false,false,none,,false,0,0,0,0,0
PROV_CAIRN_MARCH_085,,,,,,,false,false,false,false,false,false,false,false,none,,false,0,0,0,0,0
PROV_CAIRN_MARCH_086,,,,,,,false,false,false,false,false,false,false,false,none,,false,0,0,0,0,0
PROV_CAIRN_MARCH_087,,,,,,,false,false,false,false,false,false,false,false,none,,false,0,0,0,0,0
PROV_CAIRN_MARCH_088,,,,,,,false,false,false,false,false,false,false,false,none,,false,0,0,0,0,0
PROV_CAIRN_MARCH_089,,,,,,,false,false,false,false,false,false,false,false,none,,false,0,0,0,0,0
PROV_CAIRN_MARCH_090,,,,,,,false,false,false,false,false,false,false,false,none,,false,0,0,0,0,0
PROV_CAIRN_MARCH_091,,,,,,,false,false,false,false,false,false,false,false,none,,false,0,0,0,0,0
PROV_CAIRN_MARCH_092,,,,,,,false,false,false,false,false,false,false,false,none,,false,0,0,0,0,0
PROV_CAIRN_MARCH_093,,,,,,,false,false,false,false,false,false,false,false,none,,false,0,0,0,0,0
PROV_CAIRN_MARCH_094,,,,,,,false,false,false,false,false,false,false,false,none,,false,0,0,0,0,0
PROV_CAIRN_MARCH_095,,,,,,,false,false,false,false,false,false,false,false,none,,false,0,0,0,0,0
PROV_CAIRN_MARCH_096,,,,,,,false,false,false,false,false,false,false,false,none,,false,0,0,0,0,0
PROV_CAIRN_MARCH_097,,,,,,,false,false,false,false,false,false,false,false,none,,false,0,0,0,0,0
PROV_CAIRN_MARCH_098,,,,,,,false,false,false,false,false,false,false,false,none,,false,0,0,0,0,0
PROV_CAIRN_MARCH_099,,,,,,,false,false,false,false,false,false,false,false,none,,false,0,0,0,0,0
PROV_CAIRN_MARCH_100,,,,,,,false,false,false,false,false,false,false,false,none,,false,0,0,0,0,0
PROV_CAIRN_MARCH_101,,,,,,,false,false,false,false,false,false,false,false,none,,false,0,0,0,0,0
PROV_CAIRN_MARCH_102,,,,,,,false,false,false,false,false,false,false,false,none,,false,0,0,0,0,0
PROV_CAIRN_MARCH_103,,,,,,,false,false,false,false,false,false,false,false,none,,false,0,0,0,0,0
PROV_CAIRN_MARCH_104,,,,,,,false,false,false,false,false,false,false,false,none,,false,0,0,0,0,0
PROV_CAIRN_MARCH_105,,,,,,,false,false,false,false,false,false,false,false,none,,false,0,0,0,0,0
PROV_CAIRN_MARCH_106,,,,,,,false,false,false,false,false,false,false,false,none,,false,0,0,0,0,0
PROV_CAIRN_MARCH_107,,,,,,,false,false,false,false,false,false,false,false,none,,false,0,0,0,0,0
PROV_CAIRN_MARCH_108,,,,,,,false,false,false,false,false,false,false,false,none,,false,0,0,0,0,0
PROV_CAIRN_MARCH_109,,,,,,,false,false,false,false,false,false,false,false,none,,false,0,0,0,0,0
PROV_CAIRN_MARCH_110,,,,,,,false,false,false,false,false,false,false,false,none,,false,0,0,0,0,0
PROV_CAIRN_MARCH_111,,,,,,,false,false,false,false,false,false,false,false,none,,false,0,0,0,0,0
PROV_CAIRN_MARCH_112,RIV_CUSTOM_010,New River 10,RIV_CUSTOM_010,New River 10,tributary,2,false,true,false,false,false,false,false,false,none,,false,6,4,2,1,0
PROV_CAIRN_MARCH_113,RIV_CUSTOM_010,New River 10,RIV_CUSTOM_010,New River 10,tributary,2,false,true,false,false,false,false,false,false,none,,false,6,4,2,1,0
PROV_CAIRN_MARCH_114,,,,,,,false,false,false,false,false,false,false,false,none,,false,0,0,0,0,0
PROV_CAIRN_MARCH_115,,,,,,,false,false,false,false,false,false,false,false,none,,false,0,0,0,0,0
PROV_CAIRN_MARCH_116,,,,,,,false,false,false,false,false,false,false,false,none,,false,0,0,0,0,0
PROV_CAIRN_MARCH_117,,,,,,,false,false,false,false,false,false,false,false,none,,false,0,0,0,0,0
PROV_CAIRN_MARCH_118,,,,,,,false,false,false,false,false,false,false,false,none,,false,0,0,0,0,0
PROV_CAIRN_MARCH_119,,,,,,,false,false,false,false,false,false,false,false,none,,false,0,0,0,0,0
PROV_CAIRN_MARCH_120,,,,,,,false,false,false,false,false,false,false,false,none,,false,0,0,0,0,0
PROV_CAIRN_MARCH_121,,,,,,,false,false,false,false,false,false,false,false,none,,false,0,0,0,0,0
PROV_CAIRN_MARCH_122,,,,,,,false,false,false,false,false,false,false,false,none,,false,0,0,0,0,0
PROV_CAIRN_MARCH_123,,,,,,,false,false,false,false,false,false,false,false,none,,false,0,0,0,0,0
PROV_CAIRN_MARCH_124,RIV_CUSTOM_010,New River 10,RIV_CUSTOM_010,New River 10,tributary,2,false,true,false,false,false,false,false,false,none,,false,6,4,2,1,0
PROV_CAIRN_MARCH_125,,,,,,,false,false,false,false,false,false,false,false,none,,false,0,0,0,0,0
PROV_CAIRN_MARCH_126,,,,,,,false,false,false,false,false,false,false,false,none,,false,0,0,0,0,0
PROV_CAIRN_MARCH_127,,,,,,,false,false,false,false,false,false,false,false,none,,false,0,0,0,0,0
PROV_CAIRN_MARCH_128,,,,,,,false,false,false,false,false,false,false,false,none,,false,0,0,0,0,0
PROV_CAIRN_MARCH_129,,,,,,,false,false,false,false,false,false,false,false,none,,false,0,0,0,0,0
PROV_CAIRN_MARCH_130,,,,,,,false,false,false,false,false,false,false,false,none,,false,0,0,0,0,0
PROV_CAIRN_MARCH_131,,,,,,,false,false,false,false,false,false,false,false,none,,false,0,0,0,0,0
PROV_CAIRN_MARCH_132,,,,,,,false,false,false,false,false,false,false,false,none,,false,0,0,0,0,0
PROV_CAIRN_MARCH_133,,,,,,,false,false,false,false,false,false,false,false,none,,false,0,0,0,0,0
PROV_CAIRN_MARCH_134,,,,,,,false,false,false,false,false,false,false,false,none,,false,0,0,0,0,0
PROV_TALUUN_STEPPE_001,,,,,,,false,false,false,false,false,false,false,false,none,,false,0,0,0,0,0
PROV_TALUUN_STEPPE_002,,,,,,,false,false,false,false,false,false,false,false,none,,false,0,0,0,0,0
PROV_TALUUN_STEPPE_003,,,,,,,false,false,false,false,false,false,false,false,none,,false,0,0,0,0,0
PROV_TALUUN_STEPPE_004,,,,,,,false,false,false,false,false,false,false,false,none,,false,0,0,0,0,0
PROV_TALUUN_STEPPE_005,,,,,,,false,false,false,false,false,false,false,false,none,,false,0,0,0,0,0
PROV_TALUUN_STEPPE_006,,,,,,,false,false,false,false,false,false,false,false,none,,false,0,0,0,0,0
PROV_TALUUN_STEPPE_007,,,,,,,false,false,false,false,false,false,false,false,none,,false,0,0,0,0,0
PROV_TALUUN_STEPPE_008,,,,,,,false,false,false,false,false,false,false,false,none,,false,0,0,0,0,0
PROV_TALUUN_STEPPE_009,,,,,,,false,false,false,false,false,false,false,false,none,,false,0,0,0,0,0
PROV_TALUUN_STEPPE_010,,,,,,,false,false,false,false,false,false,false,false,none,,false,0,0,0,0,0
PROV_TALUUN_STEPPE_011,,,,,,,false,false,false,false,false,false,false,false,none,,false,0,0,0,0,0
PROV_TALUUN_STEPPE_012,,,,,,,false,false,false,false,false,false,false,false,none,,false,0,0,0,0,0
PROV_TALUUN_STEPPE_013,,,,,,,false,false,false,false,false,false,false,false,none,,false,0,0,0,0,0
PROV_TALUUN_STEPPE_014,SIM_RIVER_003,Simulated River 3,SIM_RIVER_003,Simulated River 3,major_river,4,true,false,false,false,false,false,true,false,none,,false,12,6,4,4,3
PROV_TALUUN_STEPPE_015,SIM_RIVER_003,Simulated River 3,SIM_RIVER_003,Simulated River 3,major_river,4,true,false,false,false,false,false,true,false,none,,false,12,6,4,4,3
PROV_TALUUN_STEPPE_016,,,,,,,false,false,false,false,false,false,false,false,none,,false,0,0,0,0,0
PROV_TALUUN_STEPPE_017,,,,,,,false,false,false,false,false,false,false,false,none,,false,0,0,0,0,0
PROV_TALUUN_STEPPE_018,,,,,,,false,false,false,false,false,false,false,false,none,,false,0,0,0,0,0
PROV_TALUUN_STEPPE_019,,,,,,,false,false,false,false,false,false,false,false,none,,false,0,0,0,0,0
PROV_TALUUN_STEPPE_020,,,,,,,false,false,false,false,false,false,false,false,none,,false,0,0,0,0,0
PROV_TALUUN_STEPPE_021,,,,,,,false,false,false,false,false,false,false,false,none,,false,0,0,0,0,0
PROV_TALUUN_STEPPE_022,,,,,,,false,false,false,false,false,false,false,false,none,,false,0,0,0,0,0
PROV_TALUUN_STEPPE_023,SIM_RIVER_003,Simulated River 3,SIM_RIVER_003,Simulated River 3,major_river,4,true,false,false,false,false,false,true,false,none,,false,12,6,4,4,3
PROV_TALUUN_STEPPE_024,SIM_RIVER_003,Simulated River 3,SIM_RIVER_003,Simulated River 3,major_river,4,true,false,false,false,false,false,true,false,none,,false,12,6,4,4,3
PROV_TALUUN_STEPPE_025,,,,,,,false,false,false,false,false,false,false,false,none,,false,0,0,0,0,0
PROV_TALUUN_STEPPE_026,,,,,,,false,false,false,false,false,false,false,false,none,,false,0,0,0,0,0
PROV_TALUUN_STEPPE_027,,,,,,,false,false,false,false,false,false,false,false,none,,false,0,0,0,0,0
PROV_TALUUN_STEPPE_028,,,,,,,false,false,false,false,false,false,false,false,none,,false,0,0,0,0,0
PROV_TALUUN_STEPPE_029,,,,,,,false,false,false,false,false,false,false,false,none,,false,0,0,0,0,0
PROV_TALUUN_STEPPE_030,,,,,,,false,false,false,false,false,false,false,false,none,,false,0,0,0,0,0
PROV_TALUUN_STEPPE_031,,,,,,,false,false,false,false,false,false,false,false,none,,false,0,0,0,0,0
PROV_TALUUN_STEPPE_032,,,,,,,false,false,false,false,false,false,false,false,none,,false,0,0,0,0,0
PROV_TALUUN_STEPPE_033,,,,,,,false,false,false,false,false,false,false,false,none,,false,0,0,0,0,0
PROV_TALUUN_STEPPE_034,SIM_RIVER_003,Simulated River 3,SIM_RIVER_003,Simulated River 3,major_river,4,true,false,false,false,false,false,true,false,none,,false,12,6,4,4,3
PROV_TALUUN_STEPPE_035,,,,,,,false,false,false,false,false,false,false,false,none,,false,0,0,0,0,0
PROV_TALUUN_STEPPE_036,,,,,,,false,false,false,false,false,false,false,false,none,,false,0,0,0,0,0
PROV_TALUUN_STEPPE_037,,,,,,,false,false,false,false,false,false,false,false,none,,false,0,0,0,0,0
PROV_TALUUN_STEPPE_038,,,,,,,false,false,false,false,false,false,false,false,none,,false,0,0,0,0,0
PROV_TALUUN_STEPPE_039,,,,,,,false,false,false,false,false,false,false,false,none,,false,0,0,0,0,0
PROV_TALUUN_STEPPE_040,,,,,,,false,false,false,false,false,false,false,false,none,,false,0,0,0,0,0
PROV_TALUUN_STEPPE_041,,,,,,,false,false,false,false,false,false,false,false,none,,false,0,0,0,0,0
PROV_TALUUN_STEPPE_042,,,,,,,false,false,false,false,false,false,false,false,none,,false,0,0,0,0,0
PROV_TALUUN_STEPPE_043,,,,,,,false,false,false,false,false,false,false,false,none,,false,0,0,0,0,0
PROV_TALUUN_STEPPE_044,,,,,,,false,false,false,false,false,false,false,false,none,,false,0,0,0,0,0
PROV_TALUUN_STEPPE_045,,,,,,,false,false,false,false,false,false,false,false,none,,false,0,0,0,0,0
PROV_TALUUN_STEPPE_046,,,,,,,false,false,false,false,false,false,false,false,none,,false,0,0,0,0,0
PROV_TALUUN_STEPPE_047,,,,,,,false,false,false,false,false,false,false,false,none,,false,0,0,0,0,0
PROV_TALUUN_STEPPE_048,,,,,,,false,false,false,false,false,false,false,false,none,,false,0,0,0,0,0
PROV_TALUUN_STEPPE_049,,,,,,,false,false,false,false,false,false,false,false,none,,false,0,0,0,0,0
PROV_TALUUN_STEPPE_050,,,,,,,false,false,false,false,false,false,false,false,none,,false,0,0,0,0,0
PROV_TALUUN_STEPPE_051,,,,,,,false,false,false,false,false,false,false,false,none,,false,0,0,0,0,0
PROV_TALUUN_STEPPE_052,,,,,,,false,false,false,false,false,false,false,false,none,,false,0,0,0,0,0
PROV_TALUUN_STEPPE_053,,,,,,,false,false,false,false,false,false,false,false,none,,false,0,0,0,0,0
PROV_TALUUN_STEPPE_054,,,,,,,false,false,false,false,false,false,false,false,none,,false,0,0,0,0,0
PROV_TALUUN_STEPPE_055,,,,,,,false,false,false,false,false,false,false,false,none,,false,0,0,0,0,0
PROV_TALUUN_STEPPE_056,,,,,,,false,false,false,false,false,false,false,false,none,,false,0,0,0,0,0
PROV_TALUUN_STEPPE_057,,,,,,,false,false,false,false,false,false,false,false,none,,false,0,0,0,0,0
PROV_TALUUN_STEPPE_058,,,,,,,false,false,false,false,false,false,false,false,none,,false,0,0,0,0,0
PROV_TALUUN_STEPPE_059,RIV_CUSTOM_011,New River 11,RIV_CUSTOM_011,New River 11,tributary,2,false,true,false,false,false,false,false,false,none,,false,5,3,2,1,0
PROV_TALUUN_STEPPE_060,,,,,,,false,false,false,false,false,false,false,false,none,,false,0,0,0,0,0
PROV_TALUUN_STEPPE_061,,,,,,,false,false,false,false,false,false,false,false,none,,false,0,0,0,0,0
PROV_TALUUN_STEPPE_062,,,,,,,false,false,false,false,false,false,false,false,none,,false,0,0,0,0,0
PROV_TALUUN_STEPPE_063,RIV_CUSTOM_011,New River 11,RIV_CUSTOM_011,New River 11,tributary,2,false,true,false,false,false,false,false,false,none,,false,5,3,2,1,0
PROV_TALUUN_STEPPE_064,RIV_CUSTOM_011,New River 11,RIV_CUSTOM_011,New River 11,tributary,2,false,true,false,false,false,false,false,false,none,,false,5,3,2,1,0
PROV_TALUUN_STEPPE_065,,,,,,,false,false,false,false,false,false,false,false,none,,false,0,0,0,0,0
PROV_TALUUN_STEPPE_066,,,,,,,false,false,false,false,false,false,false,false,none,,false,0,0,0,0,0
PROV_TALUUN_STEPPE_067,,,,,,,false,false,false,false,false,false,false,false,none,,false,0,0,0,0,0
PROV_TALUUN_STEPPE_068,,,,,,,false,false,false,false,false,false,false,false,none,,false,0,0,0,0,0
PROV_TALUUN_STEPPE_069,,,,,,,false,false,false,false,false,false,false,false,none,,false,0,0,0,0,0
PROV_TALUUN_STEPPE_070,,,,,,,false,false,false,false,false,false,false,false,none,,false,0,0,0,0,0
PROV_TALUUN_STEPPE_071,,,,,,,false,false,false,false,false,false,false,false,none,,false,0,0,0,0,0
PROV_TALUUN_STEPPE_072,,,,,,,false,false,false,false,false,false,false,false,none,,false,0,0,0,0,0
PROV_TALUUN_STEPPE_073,,,,,,,false,false,false,false,false,false,false,false,none,,false,0,0,0,0,0
PROV_TALUUN_STEPPE_074,,,,,,,false,false,false,false,false,false,false,false,none,,false,0,0,0,0,0
PROV_TALUUN_STEPPE_075,,,,,,,false,false,false,false,false,false,false,false,none,,false,0,0,0,0,0
PROV_TALUUN_STEPPE_076,,,,,,,false,false,false,false,false,false,false,false,none,,false,0,0,0,0,0
PROV_TALUUN_STEPPE_077,,,,,,,false,false,false,false,false,false,false,false,none,,false,0,0,0,0,0
PROV_TALUUN_STEPPE_078,,,,,,,false,false,false,false,false,false,false,false,none,,false,0,0,0,0,0
PROV_TALUUN_STEPPE_079,SIM_RIVER_001,Simulated River 1,SIM_RIVER_001,Simulated River 1,tributary,5,true,true,false,false,false,false,true,false,none,,true,19,8,5,7,3
PROV_TALUUN_STEPPE_080,SIM_RIVER_001,Simulated River 1,SIM_RIVER_001,Simulated River 1,tributary,5,true,true,false,false,false,false,true,false,none,,true,19,8,5,7,3
PROV_TALUUN_STEPPE_081,,,,,,,false,false,false,false,false,false,false,false,none,,false,0,0,0,0,0
PROV_TALUUN_STEPPE_082,,,,,,,false,false,false,false,false,false,false,false,none,,false,0,0,0,0,0
PROV_TALUUN_STEPPE_083,,,,,,,false,false,false,false,false,false,false,false,none,,false,0,0,0,0,0
PROV_TALUUN_STEPPE_084,,,,,,,false,false,false,false,false,false,false,false,none,,false,0,0,0,0,0
PROV_TALUUN_STEPPE_085,,,,,,,false,false,false,false,false,false,false,false,none,,false,0,0,0,0,0
PROV_TALUUN_STEPPE_086,,,,,,,false,false,false,false,false,false,false,false,none,,false,0,0,0,0,0
PROV_TALUUN_STEPPE_087,,,,,,,false,false,false,false,false,false,false,false,none,,false,0,0,0,0,0
PROV_TALUUN_STEPPE_088,,,,,,,false,false,false,false,false,false,false,false,none,,false,0,0,0,0,0
PROV_TALUUN_STEPPE_089,,,,,,,false,false,false,false,false,false,false,false,none,,false,0,0,0,0,0
PROV_TALUUN_STEPPE_090,,,,,,,false,false,false,false,false,false,false,false,none,,false,0,0,0,0,0
PROV_TALUUN_STEPPE_091,,,,,,,false,false,false,false,false,false,false,false,none,,false,0,0,0,0,0
PROV_TALUUN_STEPPE_092,,,,,,,false,false,false,false,false,false,false,false,none,,false,0,0,0,0,0
PROV_TALUUN_STEPPE_093,,,,,,,false,false,false,false,false,false,false,false,none,,false,0,0,0,0,0
PROV_TALUUN_STEPPE_094,,,,,,,false,false,false,false,false,false,false,false,none,,false,0,0,0,0,0
PROV_TALUUN_STEPPE_095,,,,,,,false,false,false,false,false,false,false,false,none,,false,0,0,0,0,0
PROV_TALUUN_STEPPE_096,,,,,,,false,false,false,false,false,false,false,false,none,,false,0,0,0,0,0
PROV_TALUUN_STEPPE_097,,,,,,,false,false,false,false,false,false,false,false,none,,false,0,0,0,0,0
PROV_TALUUN_STEPPE_098,,,,,,,false,false,false,false,false,false,false,false,none,,false,0,0,0,0,0
PROV_TALUUN_STEPPE_099,,,,,,,false,false,false,false,false,false,false,false,none,,false,0,0,0,0,0
PROV_TALUUN_STEPPE_100,,,,,,,false,false,false,false,false,false,false,false,none,,false,0,0,0,0,0
PROV_TALUUN_STEPPE_101,,,,,,,false,false,false,false,false,false,false,false,none,,false,0,0,0,0,0
PROV_TALUUN_STEPPE_102,,,,,,,false,false,false,false,false,false,false,false,none,,false,0,0,0,0,0
PROV_TALUUN_STEPPE_103,,,,,,,false,false,false,false,false,false,false,false,none,,false,0,0,0,0,0
PROV_TALUUN_STEPPE_104,,,,,,,false,false,false,false,false,false,false,false,none,,false,0,0,0,0,0
PROV_TALUUN_STEPPE_105,,,,,,,false,false,false,false,false,false,false,false,none,,false,0,0,0,0,0
PROV_TALUUN_STEPPE_106,,,,,,,false,false,false,false,false,false,false,false,none,,false,0,0,0,0,0
PROV_TALUUN_STEPPE_107,,,,,,,false,false,false,false,false,false,false,false,none,,false,0,0,0,0,0
PROV_TALUUN_STEPPE_108,,,,,,,false,false,false,false,false,false,false,false,none,,false,0,0,0,0,0
PROV_TALUUN_STEPPE_109,,,,,,,false,false,false,false,false,false,false,false,none,,false,0,0,0,0,0
PROV_TALUUN_STEPPE_110,,,,,,,false,false,false,false,false,false,false,false,none,,false,0,0,0,0,0
PROV_QERESH_WELLS_001,,,,,,,false,false,false,false,false,false,false,false,none,,false,0,0,0,0,0
PROV_QERESH_WELLS_002,,,,,,,false,false,false,false,false,false,false,false,none,,false,0,0,0,0,0
PROV_QERESH_WELLS_003,,,,,,,false,false,false,false,false,false,false,false,none,,false,0,0,0,0,0
PROV_QERESH_WELLS_004,,,,,,,false,false,false,false,false,false,false,false,none,,false,0,0,0,0,0
PROV_QERESH_WELLS_005,SIM_RIVER_002,Simulated River 2,SIM_RIVER_002,Simulated River 2,major_river,4,true,false,false,false,false,false,true,false,none,,false,12,6,4,4,4
PROV_QERESH_WELLS_006,,,,,,,false,false,false,false,false,false,false,false,none,,false,0,0,0,0,0
PROV_QERESH_WELLS_007,,,,,,,false,false,false,false,false,false,false,false,none,,false,0,0,0,0,0
PROV_QERESH_WELLS_008,,,,,,,false,false,false,false,false,false,false,false,none,,false,0,0,0,0,0
PROV_QERESH_WELLS_009,,,,,,,false,false,false,false,false,false,false,false,none,,false,0,0,0,0,0
PROV_QERESH_WELLS_010,,,,,,,false,false,false,false,false,false,false,false,none,,false,0,0,0,0,0
PROV_QERESH_WELLS_011,,,,,,,false,false,false,false,false,false,false,false,none,,false,0,0,0,0,0
PROV_QERESH_WELLS_012,,,,,,,false,false,false,false,false,false,false,false,none,,false,0,0,0,0,0
PROV_QERESH_WELLS_013,,,,,,,false,false,false,false,false,false,false,false,none,,false,0,0,0,0,0
PROV_QERESH_WELLS_014,,,,,,,false,false,false,false,false,false,false,false,none,,false,0,0,0,0,0
PROV_QERESH_WELLS_015,,,,,,,false,false,false,false,false,false,false,false,none,,false,0,0,0,0,0
PROV_QERESH_WELLS_016,,,,,,,false,false,false,false,false,false,false,false,none,,false,0,0,0,0,0
PROV_QERESH_WELLS_017,,,,,,,false,false,false,false,false,false,false,false,none,,false,0,0,0,0,0
PROV_QERESH_WELLS_018,,,,,,,false,false,false,false,false,false,false,false,none,,false,0,0,0,0,0
PROV_QERESH_WELLS_019,,,,,,,false,false,false,false,false,false,false,false,none,,false,0,0,0,0,0
PROV_QERESH_WELLS_020,,,,,,,false,false,false,false,false,false,false,false,none,,false,0,0,0,0,0
PROV_QERESH_WELLS_021,,,,,,,false,false,false,false,false,false,false,false,none,,false,0,0,0,0,0
PROV_QERESH_WELLS_022,,,,,,,false,false,false,false,false,false,false,false,none,,false,0,0,0,0,0
PROV_QERESH_WELLS_023,SIM_RIVER_002,Simulated River 2,SIM_RIVER_002,Simulated River 2,major_river,4,true,false,false,false,false,false,true,false,none,,false,12,7,4,4,4
PROV_QERESH_WELLS_024,,,,,,,false,false,false,false,false,false,false,false,none,,false,0,0,0,0,0
PROV_QERESH_WELLS_025,,,,,,,false,false,false,false,false,false,false,false,none,,false,0,0,0,0,0
PROV_QERESH_WELLS_026,,,,,,,false,false,false,false,false,false,false,false,none,,false,0,0,0,0,0
PROV_QERESH_WELLS_027,,,,,,,false,false,false,false,false,false,false,false,none,,false,0,0,0,0,0
PROV_QERESH_WELLS_028,,,,,,,false,false,false,false,false,false,false,false,none,,false,0,0,0,0,0
PROV_QERESH_WELLS_029,,,,,,,false,false,false,false,false,false,false,false,none,,false,0,0,0,0,0
PROV_QERESH_WELLS_030,,,,,,,false,false,false,false,false,false,false,false,none,,false,0,0,0,0,0
PROV_QERESH_WELLS_031,,,,,,,false,false,false,false,false,false,false,false,none,,false,0,0,0,0,0
PROV_QERESH_WELLS_032,,,,,,,false,false,false,false,false,false,false,false,none,,false,0,0,0,0,0
PROV_QERESH_WELLS_033,,,,,,,false,false,false,false,false,false,false,false,none,,false,0,0,0,0,0
PROV_QERESH_WELLS_034,SIM_RIVER_007,Simulated River 7,SIM_RIVER_007,Simulated River 7,major_river,4,true,false,false,false,false,false,true,false,none,,false,12,6,4,4,4
PROV_QERESH_WELLS_035,SIM_RIVER_007,Simulated River 7,SIM_RIVER_007,Simulated River 7,major_river,4,true,false,false,false,false,false,true,false,none,,false,12,6,4,4,4
PROV_QERESH_WELLS_036,,,,,,,false,false,false,false,false,false,false,false,none,,false,0,0,0,0,0
PROV_QERESH_WELLS_037,,,,,,,false,false,false,false,false,false,false,false,none,,false,0,0,0,0,0
PROV_QERESH_WELLS_038,,,,,,,false,false,false,false,false,false,false,false,none,,false,0,0,0,0,0
PROV_QERESH_WELLS_039,,,,,,,false,false,false,false,false,false,false,false,none,,false,0,0,0,0,0
PROV_QERESH_WELLS_040,,,,,,,false,false,false,false,false,false,false,false,none,,false,0,0,0,0,0
PROV_QERESH_WELLS_041,,,,,,,false,false,false,false,false,false,false,false,none,,false,0,0,0,0,0
PROV_QERESH_WELLS_042,,,,,,,false,false,false,false,false,false,false,false,none,,false,0,0,0,0,0
PROV_QERESH_WELLS_043,,,,,,,false,false,false,false,false,false,false,false,none,,false,0,0,0,0,0
PROV_QERESH_WELLS_044,,,,,,,false,false,false,false,false,false,false,false,none,,false,0,0,0,0,0
PROV_QERESH_WELLS_045,,,,,,,false,false,false,false,false,false,false,false,none,,false,0,0,0,0,0
PROV_QERESH_WELLS_046,,,,,,,false,false,false,false,false,false,false,false,none,,false,0,0,0,0,0
PROV_QERESH_WELLS_047,,,,,,,false,false,false,false,false,false,false,false,none,,false,0,0,0,0,0
PROV_QERESH_WELLS_048,,,,,,,false,false,false,false,false,false,false,false,none,,false,0,0,0,0,0
PROV_QERESH_WELLS_049,,,,,,,false,false,false,false,false,false,false,false,none,,false,0,0,0,0,0
PROV_QERESH_WELLS_050,,,,,,,false,false,false,false,false,false,false,false,none,,false,0,0,0,0,0
PROV_QERESH_WELLS_051,,,,,,,false,false,false,false,false,false,false,false,none,,false,0,0,0,0,0
PROV_QERESH_WELLS_052,,,,,,,false,false,false,false,false,false,false,false,none,,false,0,0,0,0,0
PROV_QERESH_WELLS_053,,,,,,,false,false,false,false,false,false,false,false,none,,false,0,0,0,0,0
PROV_QERESH_WELLS_054,SIM_RIVER_007,Simulated River 7,SIM_RIVER_007,Simulated River 7,major_river,4,true,false,false,false,false,false,true,false,none,,false,12,6,4,4,5
PROV_QERESH_WELLS_055,,,,,,,false,false,false,false,false,false,false,false,none,,false,0,0,0,0,0
PROV_QERESH_WELLS_056,,,,,,,false,false,false,false,false,false,false,false,none,,false,0,0,0,0,0
PROV_QERESH_WELLS_057,,,,,,,false,false,false,false,false,false,false,false,none,,false,0,0,0,0,0
PROV_QERESH_WELLS_058,,,,,,,false,false,false,false,false,false,false,false,none,,false,0,0,0,0,0
PROV_QERESH_WELLS_059,SIM_RIVER_005,Simulated River 5,SIM_RIVER_005,Simulated River 5,major_river,4,true,false,false,false,false,false,true,false,none,,false,12,6,4,4,4
PROV_QERESH_WELLS_060,,,,,,,false,false,false,false,false,false,false,false,none,,false,0,0,0,0,0
PROV_QERESH_WELLS_061,SIM_RIVER_005,Simulated River 5,SIM_RIVER_005,Simulated River 5,major_river,4,true,false,false,false,false,false,true,false,none,,false,12,6,4,4,3
PROV_QERESH_WELLS_062,,,,,,,false,false,false,false,false,false,false,false,none,,false,0,0,0,0,0
PROV_QERESH_WELLS_063,,,,,,,false,false,false,false,false,false,false,false,none,,false,0,0,0,0,0
PROV_QERESH_WELLS_064,,,,,,,false,false,false,false,false,false,false,false,none,,false,0,0,0,0,0
PROV_QERESH_WELLS_065,SIM_RIVER_004,Simulated River 4,SIM_RIVER_004,Simulated River 4,tributary,5,true,true,false,false,false,false,true,false,none,,true,19,8,5,7,3
PROV_QERESH_WELLS_066,,,,,,,false,false,false,false,false,false,false,false,none,,false,0,0,0,0,0
PROV_QERESH_WELLS_067,SIM_RIVER_005,Simulated River 5,SIM_RIVER_005,Simulated River 5,major_river,4,true,false,false,false,false,false,true,false,none,,false,12,6,4,4,3
PROV_QERESH_WELLS_068,,,,,,,false,false,false,false,false,false,false,false,none,,false,0,0,0,0,0
PROV_QERESH_WELLS_069,,,,,,,false,false,false,false,false,false,false,false,none,,false,0,0,0,0,0
PROV_QERESH_WELLS_070,,,,,,,false,false,false,false,false,false,false,false,none,,false,0,0,0,0,0
PROV_QERESH_WELLS_071,,,,,,,false,false,false,false,false,false,false,false,none,,false,0,0,0,0,0
PROV_QERESH_WELLS_072,SIM_RIVER_004,Simulated River 4,SIM_RIVER_004,Simulated River 4,tributary,5,true,true,false,false,false,false,true,false,none,,true,19,8,5,7,3
PROV_QERESH_WELLS_073,SIM_RIVER_004,Simulated River 4,SIM_RIVER_004,Simulated River 4,tributary,5,true,true,false,false,false,false,true,false,none,,true,19,8,5,7,3
PROV_QERESH_WELLS_074,,,,,,,false,false,false,false,false,false,false,false,none,,false,0,0,0,0,0
PROV_QERESH_WELLS_075,,,,,,,false,false,false,false,false,false,false,false,none,,false,0,0,0,0,0
PROV_QERESH_WELLS_076,,,,,,,false,false,false,false,false,false,false,false,none,,false,0,0,0,0,0
PROV_QERESH_WELLS_077,,,,,,,false,false,false,false,false,false,false,false,none,,false,0,0,0,0,0
PROV_QERESH_WELLS_078,,,,,,,false,false,false,false,false,false,false,false,none,,false,0,0,0,0,0
PROV_QERESH_WELLS_079,,,,,,,false,false,false,false,false,false,false,false,none,,false,0,0,0,0,0
PROV_QERESH_WELLS_080,,,,,,,false,false,false,false,false,false,false,false,none,,false,0,0,0,0,0
PROV_QERESH_WELLS_081,,,,,,,false,false,false,false,false,false,false,false,none,,false,0,0,0,0,0
PROV_QERESH_WELLS_082,,,,,,,false,false,false,false,false,false,false,false,none,,false,0,0,0,0,0
PROV_QERESH_WELLS_083,,,,,,,false,false,false,false,false,false,false,false,none,,false,0,0,0,0,0
PROV_QERESH_WELLS_084,,,,,,,false,false,false,false,false,false,false,false,none,,false,0,0,0,0,0
PROV_QERESH_WELLS_085,,,,,,,false,false,false,false,false,false,false,false,none,,false,0,0,0,0,0
PROV_QERESH_WELLS_086,,,,,,,false,false,false,false,false,false,false,false,none,,false,0,0,0,0,0
PROV_QERESH_WELLS_087,,,,,,,false,false,false,false,false,false,false,false,none,,false,0,0,0,0,0
PROV_QERESH_WELLS_088,,,,,,,false,false,false,false,false,false,false,false,none,,false,0,0,0,0,0
PROV_QERESH_WELLS_089,,,,,,,false,false,false,false,false,false,false,false,none,,false,0,0,0,0,0
PROV_QERESH_WELLS_090,,,,,,,false,false,false,false,false,false,false,false,none,,false,0,0,0,0,0
PROV_QERESH_WELLS_091,,,,,,,false,false,false,false,false,false,false,false,none,,false,0,0,0,0,0
PROV_QERESH_WELLS_092,,,,,,,false,false,false,false,false,false,false,false,none,,false,0,0,0,0,0
PROV_QERESH_WELLS_093,,,,,,,false,false,false,false,false,false,false,false,none,,false,0,0,0,0,0
PROV_QERESH_WELLS_094,,,,,,,false,false,false,false,false,false,false,false,none,,false,0,0,0,0,0
PROV_QERESH_WELLS_095,,,,,,,false,false,false,false,false,false,false,false,none,,false,0,0,0,0,0
PROV_QERESH_WELLS_096,,,,,,,false,false,false,false,false,false,false,false,none,,false,0,0,0,0,0
PROV_QERESH_WELLS_097,RIV_CUSTOM_012,New River 12,RIV_CUSTOM_012,New River 12,tributary,2,false,true,false,false,false,false,false,false,none,,false,5,4,2,1,0
PROV_QERESH_WELLS_098,,,,,,,false,false,false,false,false,false,false,false,none,,false,0,0,0,0,0
PROV_QERESH_WELLS_099,,,,,,,false,false,false,false,false,false,false,false,none,,false,0,0,0,0,0
PROV_QERESH_WELLS_100,,,,,,,false,false,false,false,false,false,false,false,none,,false,0,0,0,0,0
PROV_QERESH_WELLS_101,,,,,,,false,false,false,false,false,false,false,false,none,,false,0,0,0,0,0
PROV_QERESH_WELLS_102,,,,,,,false,false,false,false,false,false,false,false,none,,false,0,0,0,0,0
PROV_QERESH_WELLS_103,,,,,,,false,false,false,false,false,false,false,false,none,,false,0,0,0,0,0
PROV_QERESH_WELLS_104,,,,,,,false,false,false,false,false,false,false,false,none,,false,0,0,0,0,0
PROV_QERESH_WELLS_105,,,,,,,false,false,false,false,false,false,false,false,none,,false,0,0,0,0,0
PROV_QERESH_WELLS_106,RIV_CUSTOM_012,New River 12,RIV_CUSTOM_012,New River 12,tributary,2,false,true,false,false,false,false,false,false,none,,false,5,3,2,1,1
PROV_QERESH_WELLS_107,,,,,,,false,false,false,false,false,false,false,false,none,,false,0,0,0,0,0
PROV_QERESH_WELLS_108,,,,,,,false,false,false,false,false,false,false,false,none,,false,0,0,0,0,0
PROV_QERESH_WELLS_109,SIM_RIVER_006,Simulated River 6,SIM_RIVER_006,Simulated River 6,major_river,4,true,false,false,false,false,false,true,false,none,,false,12,6,4,4,3
PROV_QERESH_WELLS_110,SIM_RIVER_006,Simulated River 6,SIM_RIVER_006,Simulated River 6,major_river,4,true,false,false,false,false,false,true,false,none,,false,12,6,4,4,3
PROV_QERESH_WELLS_111,SIM_RIVER_006,Simulated River 6,SIM_RIVER_006,Simulated River 6,major_river,4,true,false,false,false,false,false,true,false,none,,false,12,6,4,4,3
PROV_QERESH_WELLS_112,,,,,,,false,false,false,false,false,false,false,false,none,,false,0,0,0,0,0
PROV_QERESH_WELLS_113,,,,,,,false,false,false,false,false,false,false,false,none,,false,0,0,0,0,0
PROV_QERESH_WELLS_114,,,,,,,false,false,false,false,false,false,false,false,none,,false,0,0,0,0,0
PROV_QERESH_WELLS_115,,,,,,,false,false,false,false,false,false,false,false,none,,false,0,0,0,0,0
PROV_QERESH_WELLS_116,,,,,,,false,false,false,false,false,false,false,false,none,,false,0,0,0,0,0
PROV_QERESH_WELLS_117,,,,,,,false,false,false,false,false,false,false,false,none,,false,0,0,0,0,0
PROV_QERESH_WELLS_118,SIM_RIVER_006,Simulated River 6,SIM_RIVER_006,Simulated River 6,major_river,4,true,false,false,false,false,false,true,false,none,,false,12,6,4,4,3
PROV_QERESH_WELLS_119,,,,,,,false,false,false,false,false,false,false,false,none,,false,0,0,0,0,0
PROV_QERESH_WELLS_120,SIM_RIVER_006,Simulated River 6,SIM_RIVER_006,Simulated River 6,major_river,4,true,false,false,false,false,false,true,false,none,,false,12,6,4,4,4
PROV_QERESH_WELLS_121,,,,,,,false,false,false,false,false,false,false,false,none,,false,0,0,0,0,0
PROV_QERESH_WELLS_122,,,,,,,false,false,false,false,false,false,false,false,none,,false,0,0,0,0,0
PROV_QERESH_WELLS_123,,,,,,,false,false,false,false,false,false,false,false,none,,false,0,0,0,0,0
PROV_MAREN_COAST_001,,,,,,,false,false,false,false,false,false,false,false,none,,false,0,0,0,0,0
PROV_MAREN_COAST_002,,,,,,,false,false,false,false,false,false,false,false,none,,false,0,0,0,0,0
PROV_MAREN_COAST_003,,,,,,,false,false,false,false,false,false,false,false,none,,false,0,0,0,0,0
PROV_MAREN_COAST_004,,,,,,,false,false,false,false,false,false,false,false,none,,false,0,0,0,0,0
PROV_MAREN_COAST_005,,,,,,,false,false,false,false,false,false,false,false,none,,false,0,0,0,0,0
PROV_MAREN_COAST_006,,,,,,,false,false,false,false,false,false,false,false,none,,false,0,0,0,0,0
PROV_MAREN_COAST_007,,,,,,,false,false,false,false,false,false,false,false,none,,false,0,0,0,0,0
PROV_MAREN_COAST_008,,,,,,,false,false,false,false,false,false,false,false,none,,false,0,0,0,0,0
PROV_MAREN_COAST_009,,,,,,,false,false,false,false,false,false,false,false,none,,false,0,0,0,0,0
PROV_MAREN_COAST_010,RIV_CUSTOM_010,New River 10,RIV_CUSTOM_010,New River 10,tributary,2,false,true,false,false,false,false,false,false,none,,false,9,3,2,2,1
PROV_MAREN_COAST_011,,,,,,,false,false,false,false,false,false,false,false,none,,false,0,0,0,0,0
PROV_MAREN_COAST_012,,,,,,,false,false,false,false,false,false,false,false,none,,false,0,0,0,0,0
PROV_MAREN_COAST_013,,,,,,,false,false,false,false,false,false,false,false,none,,false,0,0,0,0,0
PROV_MAREN_COAST_014,,,,,,,false,false,false,false,false,false,false,false,none,,false,0,0,0,0,0
PROV_MAREN_COAST_015,,,,,,,false,false,false,false,false,false,false,false,none,,false,0,0,0,0,0
PROV_MAREN_COAST_016,,,,,,,false,false,false,false,false,false,false,false,none,,false,0,0,0,0,0
PROV_MAREN_COAST_017,,,,,,,false,false,false,false,false,false,false,false,none,,false,0,0,0,0,0
PROV_MAREN_COAST_018,,,,,,,false,false,false,false,false,false,false,false,none,,false,0,0,0,0,0
PROV_MAREN_COAST_019,,,,,,,false,false,false,false,false,false,false,false,none,,false,0,0,0,0,0
PROV_MAREN_COAST_020,,,,,,,false,false,false,false,false,false,false,false,none,,false,0,0,0,0,0
PROV_MAREN_COAST_021,,,,,,,false,false,false,false,false,false,false,false,none,,false,0,0,0,0,0
PROV_MAREN_COAST_022,,,,,,,false,false,false,false,false,false,false,false,none,,false,0,0,0,0,0
PROV_MAREN_COAST_023,,,,,,,false,false,false,false,false,false,false,false,none,,false,0,0,0,0,0
PROV_MAREN_COAST_024,,,,,,,false,false,false,false,false,false,false,false,none,,false,0,0,0,0,0
PROV_MAREN_COAST_025,,,,,,,false,false,false,false,false,false,false,false,none,,false,0,0,0,0,0
PROV_MAREN_COAST_026,,,,,,,false,false,false,false,false,false,false,false,none,,false,0,0,0,0,0
PROV_MAREN_COAST_027,,,,,,,false,false,false,false,false,false,false,false,none,,false,0,0,0,0,0
PROV_MAREN_COAST_028,,,,,,,false,false,false,false,false,false,false,false,none,,false,0,0,0,0,0
PROV_MAREN_COAST_029,,,,,,,false,false,false,false,false,false,false,false,none,,false,0,0,0,0,0
PROV_MAREN_COAST_030,,,,,,,false,false,false,false,false,false,false,false,none,,false,0,0,0,0,0
PROV_MAREN_COAST_031,,,,,,,false,false,false,false,false,false,false,false,none,,false,0,0,0,0,0
PROV_MAREN_COAST_032,,,,,,,false,false,false,false,false,false,false,false,none,,false,0,0,0,0,0
PROV_MAREN_COAST_033,,,,,,,false,false,false,false,false,false,false,false,none,,false,0,0,0,0,0
PROV_MAREN_COAST_034,,,,,,,false,false,false,false,false,false,false,false,none,,false,0,0,0,0,0
PROV_MAREN_COAST_035,,,,,,,false,false,false,false,false,false,false,false,none,,false,0,0,0,0,0
PROV_MAREN_COAST_036,,,,,,,false,false,false,false,false,false,false,false,none,,false,0,0,0,0,0
PROV_MAREN_COAST_037,,,,,,,false,false,false,false,false,false,false,false,none,,false,0,0,0,0,0
PROV_MAREN_COAST_038,,,,,,,false,false,false,false,false,false,false,false,none,,false,0,0,0,0,0
PROV_MAREN_COAST_039,,,,,,,false,false,false,false,false,false,false,false,none,,false,0,0,0,0,0
PROV_MAREN_COAST_040,,,,,,,false,false,false,false,false,false,false,false,none,,false,0,0,0,0,0
PROV_MAREN_COAST_041,,,,,,,false,false,false,false,false,false,false,false,none,,false,0,0,0,0,0
PROV_MAREN_COAST_042,,,,,,,false,false,false,false,false,false,false,false,none,,false,0,0,0,0,0
PROV_MAREN_COAST_043,,,,,,,false,false,false,false,false,false,false,false,none,,false,0,0,0,0,0
PROV_MAREN_COAST_044,,,,,,,false,false,false,false,false,false,false,false,none,,false,0,0,0,0,0
PROV_MAREN_COAST_045,,,,,,,false,false,false,false,false,false,false,false,none,,false,0,0,0,0,0
PROV_MAREN_COAST_046,,,,,,,false,false,false,false,false,false,false,false,none,,false,0,0,0,0,0
PROV_MAREN_COAST_047,,,,,,,false,false,false,false,false,false,false,false,none,,false,0,0,0,0,0
PROV_MAREN_COAST_048,,,,,,,false,false,false,false,false,false,false,false,none,,false,0,0,0,0,0
PROV_MAREN_COAST_049,,,,,,,false,false,false,false,false,false,false,false,none,,false,0,0,0,0,0
PROV_MAREN_COAST_050,,,,,,,false,false,false,false,false,false,false,false,none,,false,0,0,0,0,0
PROV_MAREN_COAST_051,,,,,,,false,false,false,false,false,false,false,false,none,,false,0,0,0,0,0
PROV_MAREN_COAST_052,,,,,,,false,false,false,false,false,false,false,false,none,,false,0,0,0,0,0
PROV_MAREN_COAST_053,,,,,,,false,false,false,false,false,false,false,false,none,,false,0,0,0,0,0
PROV_MAREN_COAST_054,,,,,,,false,false,false,false,false,false,false,false,none,,false,0,0,0,0,0
PROV_MAREN_COAST_055,,,,,,,false,false,false,false,false,false,false,false,none,,false,0,0,0,0,0
PROV_MAREN_COAST_056,,,,,,,false,false,false,false,false,false,false,false,none,,false,0,0,0,0,0
PROV_MAREN_COAST_057,,,,,,,false,false,false,false,false,false,false,false,none,,false,0,0,0,0,0
PROV_MAREN_COAST_058,,,,,,,false,false,false,false,false,false,false,false,none,,false,0,0,0,0,0
PROV_MAREN_COAST_059,,,,,,,false,false,false,false,false,false,false,false,none,,false,0,0,0,0,0
PROV_MAREN_COAST_060,,,,,,,false,false,false,false,false,false,false,false,none,,false,0,0,0,0,0
PROV_MAREN_COAST_061,,,,,,,false,false,false,false,false,false,false,false,none,,false,0,0,0,0,0
PROV_MAREN_COAST_062,,,,,,,false,false,false,false,false,false,false,false,none,,false,0,0,0,0,0
PROV_MAREN_COAST_063,,,,,,,false,false,false,false,false,false,false,false,none,,false,0,0,0,0,0
PROV_MAREN_COAST_064,,,,,,,false,false,false,false,false,false,false,false,none,,false,0,0,0,0,0
PROV_MAREN_COAST_065,,,,,,,false,false,false,false,false,false,false,false,none,,false,0,0,0,0,0
PROV_MAREN_COAST_066,,,,,,,false,false,false,false,false,false,false,false,none,,false,0,0,0,0,0
PROV_MAREN_COAST_067,,,,,,,false,false,false,false,false,false,false,false,none,,false,0,0,0,0,0
PROV_MAREN_COAST_068,,,,,,,false,false,false,false,false,false,false,false,none,,false,0,0,0,0,0
PROV_MAREN_COAST_069,,,,,,,false,false,false,false,false,false,false,false,none,,false,0,0,0,0,0
PROV_MAREN_COAST_070,,,,,,,false,false,false,false,false,false,false,false,none,,false,0,0,0,0,0
PROV_MAREN_COAST_071,,,,,,,false,false,false,false,false,false,false,false,none,,false,0,0,0,0,0
PROV_MAREN_COAST_072,,,,,,,false,false,false,false,false,false,false,false,none,,false,0,0,0,0,0
PROV_MAREN_COAST_073,,,,,,,false,false,false,false,false,false,false,false,none,,false,0,0,0,0,0
PROV_MAREN_COAST_074,,,,,,,false,false,false,false,false,false,false,false,none,,false,0,0,0,0,0
PROV_MAREN_COAST_075,,,,,,,false,false,false,false,false,false,false,false,none,,false,0,0,0,0,0
PROV_MAREN_COAST_076,,,,,,,false,false,false,false,false,false,false,false,none,,false,0,0,0,0,0
PROV_MAREN_COAST_077,,,,,,,false,false,false,false,false,false,false,false,none,,false,0,0,0,0,0
PROV_MAREN_COAST_078,,,,,,,false,false,false,false,false,false,false,false,none,,false,0,0,0,0,0
PROV_MAREN_COAST_079,,,,,,,false,false,false,false,false,false,false,false,none,,false,0,0,0,0,0
PROV_MAREN_COAST_080,,,,,,,false,false,false,false,false,false,false,false,none,,false,0,0,0,0,0
PROV_MAREN_COAST_081,,,,,,,false,false,false,false,false,false,false,false,none,,false,0,0,0,0,0
PROV_MAREN_COAST_082,,,,,,,false,false,false,false,false,false,false,false,none,,false,0,0,0,0,0
PROV_MAREN_COAST_083,,,,,,,false,false,false,false,false,false,false,false,none,,false,0,0,0,0,0
PROV_MAREN_COAST_084,,,,,,,false,false,false,false,false,false,false,false,none,,false,0,0,0,0,0
PROV_MAREN_COAST_085,,,,,,,false,false,false,false,false,false,false,false,none,,false,0,0,0,0,0
PROV_MAREN_COAST_086,,,,,,,false,false,false,false,false,false,false,false,none,,false,0,0,0,0,0
PROV_MAREN_COAST_087,,,,,,,false,false,false,false,false,false,false,false,none,,false,0,0,0,0,0
PROV_MAREN_COAST_088,,,,,,,false,false,false,false,false,false,false,false,none,,false,0,0,0,0,0
PROV_MAREN_COAST_089,,,,,,,false,false,false,false,false,false,false,false,none,,false,0,0,0,0,0
PROV_MAREN_COAST_090,,,,,,,false,false,false,false,false,false,false,false,none,,false,0,0,0,0,0
PROV_MAREN_COAST_091,,,,,,,false,false,false,false,false,false,false,false,none,,false,0,0,0,0,0
PROV_MAREN_COAST_092,,,,,,,false,false,false,false,false,false,false,false,none,,false,0,0,0,0,0
PROV_MAREN_COAST_093,,,,,,,false,false,false,false,false,false,false,false,none,,false,0,0,0,0,0
PROV_MAREN_COAST_094,,,,,,,false,false,false,false,false,false,false,false,none,,false,0,0,0,0,0
PROV_MAREN_COAST_095,,,,,,,false,false,false,false,false,false,false,false,none,,false,0,0,0,0,0
PROV_MAREN_COAST_096,,,,,,,false,false,false,false,false,false,false,false,none,,false,0,0,0,0,0
PROV_FENWARD_001,,,,,,,false,false,false,false,false,false,false,false,none,,false,0,0,0,0,0
PROV_FENWARD_002,,,,,,,false,false,false,false,false,false,false,false,none,,false,0,0,0,0,0
PROV_FENWARD_003,,,,,,,false,false,false,false,false,false,false,false,none,,false,0,0,0,0,0
PROV_FENWARD_004,,,,,,,false,false,false,false,false,false,false,false,none,,false,0,0,0,0,0
PROV_FENWARD_005,,,,,,,false,false,false,false,false,false,false,false,none,,false,0,0,0,0,0
PROV_FENWARD_006,,,,,,,false,false,false,false,false,false,false,false,none,,false,0,0,0,0,0
PROV_FENWARD_007,,,,,,,false,false,false,false,false,false,false,false,none,,false,0,0,0,0,0
PROV_FENWARD_008,,,,,,,false,false,false,false,false,false,false,false,none,,false,0,0,0,0,0
PROV_FENWARD_009,,,,,,,false,false,false,false,false,false,false,false,none,,false,0,0,0,0,0
PROV_FENWARD_010,,,,,,,false,false,false,false,false,false,false,false,none,,false,0,0,0,0,0
PROV_FENWARD_011,,,,,,,false,false,false,false,false,false,false,false,none,,false,0,0,0,0,0
PROV_FENWARD_012,,,,,,,false,false,false,false,false,false,false,false,none,,false,0,0,0,0,0
PROV_FENWARD_013,,,,,,,false,false,false,false,false,false,false,false,none,,false,0,0,0,0,0
PROV_FENWARD_014,,,,,,,false,false,false,false,false,false,false,false,none,,false,0,0,0,0,0
PROV_FENWARD_015,,,,,,,false,false,false,false,false,false,false,false,none,,false,0,0,0,0,0
PROV_FENWARD_016,,,,,,,false,false,false,false,false,false,false,false,none,,false,0,0,0,0,0
PROV_FENWARD_017,,,,,,,false,false,false,false,false,false,false,false,none,,false,0,0,0,0,0
PROV_FENWARD_018,SIM_RIVER_002,Simulated River 2,SIM_RIVER_002,Simulated River 2,major_river,4,true,false,false,false,false,false,true,false,none,,false,12,6,4,4,4
PROV_FENWARD_019,SIM_RIVER_002,Simulated River 2,SIM_RIVER_002,Simulated River 2,major_river,4,true,false,false,false,false,false,true,false,none,,false,12,6,4,4,4
PROV_FENWARD_020,,,,,,,false,false,false,false,false,false,false,false,none,,false,0,0,0,0,0
PROV_FENWARD_021,,,,,,,false,false,false,false,false,false,false,false,none,,false,0,0,0,0,0
PROV_FENWARD_022,SIM_RIVER_002,Simulated River 2,SIM_RIVER_002,Simulated River 2,major_river,4,true,false,false,false,false,false,true,false,none,,false,12,6,4,4,4
PROV_FENWARD_023,,,,,,,false,false,false,false,false,false,false,false,none,,false,0,0,0,0,0
PROV_FENWARD_024,,,,,,,false,false,false,false,false,false,false,false,none,,false,0,0,0,0,0
PROV_BANNERFIELDS_001,,,,,,,false,false,false,false,false,false,false,false,none,,false,0,0,0,0,0
PROV_BANNERFIELDS_002,,,,,,,false,false,false,false,false,false,false,false,none,,false,0,0,0,0,0
PROV_BANNERFIELDS_003,,,,,,,false,false,false,false,false,false,false,false,none,,false,0,0,0,0,0
PROV_BANNERFIELDS_004,,,,,,,false,false,false,false,false,false,false,false,none,,false,0,0,0,0,0
PROV_BANNERFIELDS_005,SIM_RIVER_002,Simulated River 2,SIM_RIVER_002,Simulated River 2,major_river,4,true,false,false,false,false,false,true,true,ford,SIM_RIVER_002_PROV_BANNERFIELDS_005_FORD,false,14,8,2,4,5
PROV_BANNERFIELDS_006,,,,,,,false,false,false,false,false,false,false,false,none,,false,0,0,0,0,0
PROV_BANNERFIELDS_007,,,,,,,false,false,false,false,false,false,false,false,none,,false,0,0,0,0,0
PROV_BANNERFIELDS_008,,,,,,,false,false,false,false,false,false,false,false,none,,false,0,0,0,0,0
PROV_BANNERFIELDS_009,,,,,,,false,false,false,false,false,false,false,false,none,,false,0,0,0,0,0
PROV_BANNERFIELDS_010,,,,,,,false,false,false,false,false,false,false,false,none,,false,0,0,0,0,0
PROV_BANNERFIELDS_011,SIM_RIVER_002,Simulated River 2,SIM_RIVER_002,Simulated River 2,major_river,4,true,false,false,false,false,false,true,true,ford,SIM_RIVER_002_PROV_BANNERFIELDS_011_FORD,false,14,8,2,4,5
PROV_BANNERFIELDS_012,,,,,,,false,false,false,false,false,false,false,false,none,,false,0,0,0,0,0
PROV_TALUUN_STEPPE_111,,,,,,,false,false,false,false,false,false,false,false,none,,false,0,0,0,0,0
PROV_TALUUN_STEPPE_112,,,,,,,false,false,false,false,false,false,false,false,none,,false,0,0,0,0,0
PROV_TALUUN_STEPPE_113,,,,,,,false,false,false,false,false,false,false,false,none,,false,0,0,0,0,0
PROV_TALUUN_STEPPE_114,,,,,,,false,false,false,false,false,false,false,false,none,,false,0,0,0,0,0
PROV_MAREN_COAST_097,,,,,,,false,false,false,false,false,false,false,false,none,,false,0,0,0,0,0
PROV_MAREN_COAST_098,,,,,,,false,false,false,false,false,false,false,false,none,,false,0,0,0,0,0
PROV_TALUUN_STEPPE_115,,,,,,,false,false,false,false,false,false,false,false,none,,false,0,0,0,0,0
PROV_QERESH_WELLS_124,,,,,,,false,false,false,false,false,false,false,false,none,,false,0,0,0,0,0
