province_a,province_b
PROV_ROV_HALEM,PROV_SEVRIN_CANAL
PROV_ROV_HALEM,PROV_THIRD_CHARTER
PROV_ROV_HALEM,PROV_ROV_BASIN_024
PROV_ROV_HALEM,PROV_GREYHOOK_045
PROV_ROV_HALEM,PROV_GREYHOOK_050
PROV_ROV_HALEM,PROV_MAREN_COAST_031
PROV_SEVRIN_CANAL,PROV_THIRD_CHARTER
PROV_SEVRIN_CANAL,PROV_BLUE_CHAIN
PROV_SEVRIN_CANAL,PROV_MAREN_COAST_043
PROV_SEVRIN_CANAL,PROV_MAREN_COAST_064
PROV_SEVRIN_CANAL,PROV_MAREN_COAST_080
PROV_THIRD_CHARTER,PROV_ROV_BASIN_027
PROV_THIRD_CHARTER,PROV_GREYHOOK_050
PROV_THIRD_CHARTER,PROV_GREYHOOK_076
PROV_THIRD_CHARTER,PROV_MAREN_COAST_080
PROV_THIRD_CHARTER,PROV_MAREN_COAST_081
PROV_THIRD_CHARTER,PROV_MAREN_COAST_082
PROV_ROV_BASIN_024,PROV_MAREN_COAST_031
PROV_ROV_BASIN_024,PROV_MAREN_COAST_043
PROV_GREYHOOK_045,PROV_GREYHOOK_050
PROV_GREYHOOK_050,PROV_MAREN_COAST_082
PROV_BLUE_CHAIN,PROV_MAREN_COAST_064
PROV_BLUE_CHAIN,PROV_MAREN_COAST_070
PROV_MAREN_COAST_043,PROV_MAREN_COAST_064
PROV_MAREN_COAST_064,PROV_MAREN_COAST_070
PROV_MAREN_COAST_080,PROV_MAREN_COAST_081
PROV_MAREN_COAST_080,PROV_MAREN_COAST_087
PROV_MAREN_COAST_080,PROV_MAREN_COAST_091
PROV_RED_BOG,PROV_ROV_BASIN_004
PROV_RED_BOG,PROV_ROV_BASIN_005
PROV_RED_BOG,PROV_ROV_BASIN_014
PROV_RED_BOG,PROV_ROV_BASIN_022
PROV_RED_BOG,PROV_CAIRN_MARCH_099
PROV_RED_BOG,PROV_MAREN_COAST_016
PROV_RED_BOG,PROV_MAREN_COAST_041
PROV_RED_BOG,PROV_MAREN_COAST_042
PROV_ROV_BASIN_004,PROV_ROV_BASIN_013
PROV_ROV_BASIN_004,PROV_ROV_BASIN_022
PROV_ROV_BASIN_004,PROV_MAREN_COAST_015
PROV_ROV_BASIN_004,PROV_MAREN_COAST_016
PROV_ROV_BASIN_005,PROV_ROV_BASIN_006
PROV_ROV_BASIN_005,PROV_ROV_BASIN_014
PROV_ROV_BASIN_005,PROV_CAIRN_MARCH_099
PROV_ROV_BASIN_005,PROV_CAIRN_MARCH_100
PROV_ROV_BASIN_014,PROV_ROV_BASIN_015
PROV_ROV_BASIN_014,PROV_ROV_BASIN_023
PROV_ROV_BASIN_014,PROV_MAREN_COAST_042
PROV_ROV_BASIN_022,PROV_MAREN_COAST_040
PROV_ROV_BASIN_022,PROV_MAREN_COAST_041
PROV_CAIRN_MARCH_099,PROV_CAIRN_MARCH_100
PROV_CAIRN_MARCH_099,PROV_MAREN_COAST_016
PROV_MAREN_COAST_041,PROV_MAREN_COAST_042
PROV_MAREN_COAST_042,PROV_MAREN_COAST_043
PROV_OPEN_GATE,PROV_NINTH_BANNER
PROV_OPEN_GATE,PROV_GREYHOOK_045
PROV_OPEN_GATE,PROV_MAREN_COAST_021
PROV_OPEN_GATE,PROV_MAREN_COAST_027
PROV_OPEN_GATE,PROV_MAREN_COAST_028
PROV_OPEN_GATE,PROV_MAREN_COAST_032
PROV_OPEN_GATE,PROV_MAREN_COAST_097
PROV_MAREN_COAST_021,PROV_MAREN_COAST_027
PROV_MAREN_COAST_027,PROV_MAREN_COAST_028
PROV_MAREN_COAST_028,PROV_MAREN_COAST_029
PROV_MAREN_COAST_028,PROV_MAREN_COAST_032
PROV_MAREN_COAST_032,PROV_MAREN_COAST_097
PROV_WEST_GEAR,PROV_GREYHOOK_036
PROV_WEST_GEAR,PROV_GREYHOOK_041
PROV_WEST_GEAR,PROV_TALUUN_STEPPE_074
PROV_WEST_GEAR,PROV_MAREN_COAST_032
PROV_WEST_GEAR,PROV_MAREN_COAST_071
PROV_WEST_GEAR,PROV_MAREN_COAST_097
PROV_GREYHOOK_036,PROV_GREYHOOK_037
PROV_GREYHOOK_036,PROV_GREYHOOK_041
PROV_GREYHOOK_036,PROV_MAREN_COAST_032
PROV_GREYHOOK_041,PROV_TALUUN_STEPPE_074
PROV_GREYHOOK_041,PROV_TALUUN_STEPPE_075
PROV_TALUUN_STEPPE_074,PROV_TALUUN_STEPPE_075
PROV_TALUUN_STEPPE_074,PROV_MAREN_COAST_071
PROV_MAREN_COAST_071,PROV_MAREN_COAST_097
PROV_ROV_BASIN_027,PROV_GREYHOOK_076
PROV_ROV_BASIN_027,PROV_GREYHOOK_088
PROV_ROV_BASIN_027,PROV_GREYHOOK_089
PROV_ROV_BASIN_027,PROV_MAREN_COAST_082
PROV_ROV_BASIN_027,PROV_MAREN_COAST_088
PROV_GREYHOOK_076,PROV_GREYHOOK_087
PROV_GREYHOOK_076,PROV_GREYHOOK_088
PROV_GREYHOOK_076,PROV_MAREN_COAST_081
PROV_MAREN_COAST_081,PROV_MAREN_COAST_091
PROV_MAREN_COAST_082,PROV_MAREN_COAST_083
PROV_MAREN_COAST_082,PROV_MAREN_COAST_088
PROV_WHITE_MARE,PROV_GREYHOOK_037
PROV_WHITE_MARE,PROV_GREYHOOK_041
PROV_WHITE_MARE,PROV_TALUUN_STEPPE_059
PROV_WHITE_MARE,PROV_TALUUN_STEPPE_063
PROV_WHITE_MARE,PROV_TALUUN_STEPPE_070
PROV_WHITE_MARE,PROV_TALUUN_STEPPE_075
PROV_WHITE_MARE,PROV_TALUUN_STEPPE_076
PROV_WHITE_MARE,PROV_TALUUN_STEPPE_077
PROV_GREYHOOK_037,PROV_GREYHOOK_041
PROV_GREYHOOK_037,PROV_TALUUN_STEPPE_059
PROV_TALUUN_STEPPE_059,PROV_TALUUN_STEPPE_063
PROV_TALUUN_STEPPE_059,PROV_TALUUN_STEPPE_064
PROV_TALUUN_STEPPE_063,PROV_TALUUN_STEPPE_064
PROV_TALUUN_STEPPE_063,PROV_TALUUN_STEPPE_070
PROV_TALUUN_STEPPE_070,PROV_TALUUN_STEPPE_071
PROV_TALUUN_STEPPE_070,PROV_TALUUN_STEPPE_077
PROV_TALUUN_STEPPE_070,PROV_TALUUN_STEPPE_078
PROV_TALUUN_STEPPE_075,PROV_TALUUN_STEPPE_076
PROV_TALUUN_STEPPE_076,PROV_TALUUN_STEPPE_077
PROV_TALUUN_STEPPE_076,PROV_TALUUN_STEPPE_082
PROV_TALUUN_STEPPE_076,PROV_TALUUN_STEPPE_083
PROV_TALUUN_STEPPE_077,PROV_TALUUN_STEPPE_078
PROV_TALUUN_STEPPE_077,PROV_TALUUN_STEPPE_083
PROV_NINTH_BANNER,PROV_GREYHOOK_045
PROV_NINTH_BANNER,PROV_GREYHOOK_050
PROV_NINTH_BANNER,PROV_GREYHOOK_062
PROV_NINTH_BANNER,PROV_MAREN_COAST_071
PROV_NINTH_BANNER,PROV_MAREN_COAST_082
PROV_NINTH_BANNER,PROV_MAREN_COAST_083
PROV_GREYHOOK_062,PROV_GREYHOOK_063
PROV_GREYHOOK_062,PROV_MAREN_COAST_071
PROV_GREYHOOK_062,PROV_MAREN_COAST_083
PROV_GREYHOOK_062,PROV_MAREN_COAST_089
PROV_MAREN_COAST_083,PROV_MAREN_COAST_088
PROV_MAREN_COAST_083,PROV_MAREN_COAST_092
PROV_ROV_BASIN_001,PROV_ROV_BASIN_002
PROV_ROV_BASIN_001,PROV_ROV_BASIN_009
PROV_ROV_BASIN_001,PROV_ROV_BASIN_010
PROV_ROV_BASIN_001,PROV_CAIRN_MARCH_117
PROV_ROV_BASIN_001,PROV_MAREN_COAST_013
PROV_ROV_BASIN_001,PROV_MAREN_COAST_014
PROV_ROV_BASIN_002,PROV_ROV_BASIN_003
PROV_ROV_BASIN_002,PROV_ROV_BASIN_010
PROV_ROV_BASIN_002,PROV_ROV_BASIN_011
PROV_ROV_BASIN_002,PROV_MAREN_COAST_014
PROV_ROV_BASIN_009,PROV_ROV_BASIN_010
PROV_ROV_BASIN_009,PROV_ROV_BASIN_018
PROV_ROV_BASIN_009,PROV_CAIRN_MARCH_117
PROV_ROV_BASIN_009,PROV_CAIRN_MARCH_128
PROV_ROV_BASIN_010,PROV_ROV_BASIN_011
PROV_ROV_BASIN_010,PROV_ROV_BASIN_018
PROV_ROV_BASIN_010,PROV_ROV_BASIN_019
PROV_ROV_BASIN_010,PROV_ROV_BASIN_020
PROV_CAIRN_MARCH_117,PROV_CAIRN_MARCH_127
PROV_CAIRN_MARCH_117,PROV_CAIRN_MARCH_128
PROV_CAIRN_MARCH_117,PROV_MAREN_COAST_013
PROV_CAIRN_MARCH_117,PROV_MAREN_COAST_019
PROV_MAREN_COAST_013,PROV_MAREN_COAST_019
PROV_ROV_BASIN_003,PROV_ROV_BASIN_004
PROV_ROV_BASIN_003,PROV_ROV_BASIN_011
PROV_ROV_BASIN_003,PROV_ROV_BASIN_012
PROV_ROV_BASIN_003,PROV_ROV_BASIN_013
PROV_ROV_BASIN_003,PROV_MAREN_COAST_007
PROV_ROV_BASIN_003,PROV_MAREN_COAST_014
PROV_ROV_BASIN_003,PROV_MAREN_COAST_015
PROV_ROV_BASIN_011,PROV_ROV_BASIN_012
PROV_ROV_BASIN_011,PROV_ROV_BASIN_020
PROV_ROV_BASIN_011,PROV_ROV_BASIN_021
PROV_ROV_BASIN_013,PROV_ROV_BASIN_022
PROV_MAREN_COAST_007,PROV_MAREN_COAST_008
PROV_MAREN_COAST_007,PROV_MAREN_COAST_014
PROV_MAREN_COAST_007,PROV_MAREN_COAST_015
PROV_MAREN_COAST_015,PROV_MAREN_COAST_016
PROV_ROV_BASIN_006,PROV_ROV_BASIN_014
PROV_ROV_BASIN_006,PROV_ROV_BASIN_015
PROV_ROV_BASIN_006,PROV_ROV_BASIN_016
PROV_ROV_BASIN_006,PROV_GREYHOOK_020
PROV_ROV_BASIN_006,PROV_CAIRN_MARCH_100
PROV_ROV_BASIN_006,PROV_CAIRN_MARCH_101
PROV_CAIRN_MARCH_100,PROV_CAIRN_MARCH_101
PROV_ROV_BASIN_015,PROV_ROV_BASIN_016
PROV_ROV_BASIN_015,PROV_ROV_BASIN_023
PROV_ROV_BASIN_015,PROV_ROV_BASIN_024
PROV_ROV_BASIN_016,PROV_ROV_BASIN_017
PROV_ROV_BASIN_016,PROV_ROV_BASIN_024
PROV_ROV_BASIN_016,PROV_GREYHOOK_020
PROV_GREYHOOK_020,PROV_GREYHOOK_021
PROV_GREYHOOK_020,PROV_GREYHOOK_032
PROV_GREYHOOK_020,PROV_CAIRN_MARCH_101
PROV_GREYHOOK_020,PROV_CAIRN_MARCH_102
PROV_CAIRN_MARCH_101,PROV_CAIRN_MARCH_102
PROV_CAIRN_MARCH_101,PROV_MAREN_COAST_009
PROV_ROV_BASIN_007,PROV_ROV_BASIN_016
PROV_ROV_BASIN_007,PROV_ROV_BASIN_017
PROV_ROV_BASIN_007,PROV_GREYHOOK_020
PROV_ROV_BASIN_007,PROV_GREYHOOK_032
PROV_ROV_BASIN_007,PROV_MAREN_COAST_025
PROV_ROV_BASIN_017,PROV_ROV_BASIN_024
PROV_ROV_BASIN_017,PROV_MAREN_COAST_025
PROV_ROV_BASIN_017,PROV_MAREN_COAST_031
PROV_GREYHOOK_032,PROV_MAREN_COAST_025
PROV_MAREN_COAST_025,PROV_MAREN_COAST_026
PROV_MAREN_COAST_025,PROV_MAREN_COAST_031
PROV_ROV_BASIN_008,PROV_GREYHOOK_021
PROV_ROV_BASIN_008,PROV_GREYHOOK_022
PROV_ROV_BASIN_008,PROV_GREYHOOK_032
PROV_ROV_BASIN_008,PROV_MAREN_COAST_025
PROV_ROV_BASIN_008,PROV_MAREN_COAST_026
PROV_GREYHOOK_021,PROV_GREYHOOK_022
PROV_GREYHOOK_021,PROV_GREYHOOK_032
PROV_GREYHOOK_021,PROV_CAIRN_MARCH_102
PROV_GREYHOOK_022,PROV_CAIRN_MARCH_102
PROV_GREYHOOK_022,PROV_CAIRN_MARCH_103
PROV_GREYHOOK_022,PROV_MAREN_COAST_020
PROV_GREYHOOK_022,PROV_MAREN_COAST_026
PROV_ROV_BASIN_018,PROV_ROV_BASIN_019
PROV_ROV_BASIN_018,PROV_CAIRN_MARCH_128
PROV_ROV_BASIN_018,PROV_MAREN_COAST_039
PROV_ROV_BASIN_018,PROV_MAREN_COAST_050
PROV_CAIRN_MARCH_128,PROV_MAREN_COAST_038
PROV_CAIRN_MARCH_128,PROV_MAREN_COAST_039
PROV_ROV_BASIN_019,PROV_ROV_BASIN_020
PROV_ROV_BASIN_019,PROV_MAREN_COAST_050
PROV_ROV_BASIN_020,PROV_ROV_BASIN_021
PROV_ROV_BASIN_020,PROV_MAREN_COAST_040
PROV_ROV_BASIN_020,PROV_MAREN_COAST_050
PROV_ROV_BASIN_020,PROV_MAREN_COAST_051
PROV_ROV_BASIN_012,PROV_ROV_BASIN_013
PROV_ROV_BASIN_012,PROV_ROV_BASIN_021
PROV_ROV_BASIN_012,PROV_ROV_BASIN_022
PROV_ROV_BASIN_021,PROV_ROV_BASIN_022
PROV_ROV_BASIN_021,PROV_MAREN_COAST_040
PROV_ROV_BASIN_023,PROV_ROV_BASIN_024
PROV_ROV_BASIN_023,PROV_MAREN_COAST_042
PROV_ROV_BASIN_023,PROV_MAREN_COAST_043
PROV_MAREN_COAST_039,PROV_MAREN_COAST_048
PROV_MAREN_COAST_039,PROV_MAREN_COAST_049
PROV_MAREN_COAST_039,PROV_MAREN_COAST_050
PROV_MAREN_COAST_050,PROV_MAREN_COAST_051
PROV_MAREN_COAST_040,PROV_MAREN_COAST_051
PROV_MAREN_COAST_040,PROV_MAREN_COAST_052
PROV_MAREN_COAST_051,PROV_MAREN_COAST_052
PROV_MAREN_COAST_051,PROV_MAREN_COAST_058
PROV_MAREN_COAST_051,PROV_MAREN_COAST_059
PROV_ROV_BASIN_025,PROV_MAREN_COAST_049
PROV_ROV_BASIN_025,PROV_MAREN_COAST_050
PROV_ROV_BASIN_025,PROV_MAREN_COAST_051
PROV_ROV_BASIN_025,PROV_MAREN_COAST_057
PROV_ROV_BASIN_025,PROV_MAREN_COAST_058
PROV_MAREN_COAST_049,PROV_MAREN_COAST_050
PROV_MAREN_COAST_049,PROV_MAREN_COAST_057
PROV_MAREN_COAST_057,PROV_MAREN_COAST_058
PROV_MAREN_COAST_058,PROV_MAREN_COAST_059
PROV_MAREN_COAST_058,PROV_MAREN_COAST_069
PROV_ROV_BASIN_026,PROV_ROV_BASIN_028
PROV_ROV_BASIN_026,PROV_MAREN_COAST_077
PROV_ROV_BASIN_026,PROV_MAREN_COAST_078
PROV_ROV_BASIN_026,PROV_MAREN_COAST_084
PROV_ROV_BASIN_028,PROV_ROV_BASIN_029
PROV_ROV_BASIN_028,PROV_QERESH_WELLS_012
PROV_ROV_BASIN_028,PROV_QERESH_WELLS_013
PROV_ROV_BASIN_028,PROV_MAREN_COAST_078
PROV_ROV_BASIN_028,PROV_MAREN_COAST_084
PROV_MAREN_COAST_077,PROV_MAREN_COAST_078
PROV_MAREN_COAST_078,PROV_MAREN_COAST_079
PROV_MAREN_COAST_084,PROV_FENWARD_024
PROV_GREYHOOK_088,PROV_GREYHOOK_089
PROV_GREYHOOK_088,PROV_GREYHOOK_092
PROV_GREYHOOK_088,PROV_MAREN_COAST_094
PROV_GREYHOOK_089,PROV_GREYHOOK_092
PROV_GREYHOOK_089,PROV_GREYHOOK_093
PROV_GREYHOOK_089,PROV_QERESH_WELLS_016
PROV_GREYHOOK_089,PROV_MAREN_COAST_088
PROV_ROV_BASIN_029,PROV_ROV_BASIN_030
PROV_ROV_BASIN_029,PROV_QERESH_WELLS_013
PROV_ROV_BASIN_029,PROV_QERESH_WELLS_014
PROV_ROV_BASIN_029,PROV_MAREN_COAST_078
PROV_ROV_BASIN_029,PROV_MAREN_COAST_079
PROV_QERESH_WELLS_012,PROV_QERESH_WELLS_013
PROV_QERESH_WELLS_012,PROV_QERESH_WELLS_028
PROV_QERESH_WELLS_012,PROV_QERESH_WELLS_029
PROV_QERESH_WELLS_012,PROV_MAREN_COAST_084
PROV_QERESH_WELLS_013,PROV_QERESH_WELLS_014
PROV_QERESH_WELLS_013,PROV_QERESH_WELLS_029
PROV_QERESH_WELLS_013,PROV_QERESH_WELLS_030
PROV_ROV_BASIN_030,PROV_QERESH_WELLS_014
PROV_ROV_BASIN_030,PROV_QERESH_WELLS_015
PROV_ROV_BASIN_030,PROV_MAREN_COAST_079
PROV_ROV_BASIN_030,PROV_MAREN_COAST_085
PROV_QERESH_WELLS_014,PROV_QERESH_WELLS_015
PROV_QERESH_WELLS_014,PROV_QERESH_WELLS_030
PROV_QERESH_WELLS_014,PROV_QERESH_WELLS_031
PROV_QERESH_WELLS_015,PROV_QERESH_WELLS_031
PROV_QERESH_WELLS_015,PROV_MAREN_COAST_085
PROV_QERESH_WELLS_015,PROV_MAREN_COAST_086
PROV_QERESH_WELLS_015,PROV_MAREN_COAST_090
PROV_QERESH_WELLS_015,PROV_MAREN_COAST_093
PROV_MAREN_COAST_085,PROV_MAREN_COAST_086
PROV_GREYHOOK_001,PROV_GREYHOOK_002
PROV_GREYHOOK_001,PROV_GREYHOOK_005
PROV_GREYHOOK_001,PROV_GREYHOOK_006
PROV_GREYHOOK_001,PROV_TALUUN_STEPPE_011
PROV_GREYHOOK_001,PROV_TALUUN_STEPPE_012
PROV_GREYHOOK_002,PROV_GREYHOOK_003
PROV_GREYHOOK_002,PROV_GREYHOOK_006
PROV_GREYHOOK_002,PROV_TALUUN_STEPPE_012
PROV_GREYHOOK_005,PROV_GREYHOOK_006
PROV_GREYHOOK_005,PROV_GREYHOOK_007
PROV_GREYHOOK_005,PROV_GREYHOOK_008
PROV_GREYHOOK_005,PROV_TALUUN_STEPPE_011
PROV_GREYHOOK_006,PROV_GREYHOOK_008
PROV_GREYHOOK_006,PROV_GREYHOOK_011
PROV_GREYHOOK_006,PROV_TALUUN_STEPPE_023
PROV_GREYHOOK_006,PROV_TALUUN_STEPPE_034
PROV_TALUUN_STEPPE_011,PROV_TALUUN_STEPPE_012
PROV_TALUUN_STEPPE_012,PROV_TALUUN_STEPPE_013
PROV_GREYHOOK_003,PROV_GREYHOOK_006
PROV_GREYHOOK_003,PROV_TALUUN_STEPPE_012
PROV_GREYHOOK_003,PROV_TALUUN_STEPPE_013
PROV_GREYHOOK_003,PROV_TALUUN_STEPPE_023
PROV_TALUUN_STEPPE_013,PROV_TALUUN_STEPPE_014
PROV_TALUUN_STEPPE_013,PROV_TALUUN_STEPPE_023
PROV_TALUUN_STEPPE_023,PROV_TALUUN_STEPPE_024
PROV_TALUUN_STEPPE_023,PROV_TALUUN_STEPPE_034
PROV_GREYHOOK_004,PROV_GREYHOOK_005
PROV_GREYHOOK_004,PROV_GREYHOOK_007
PROV_GREYHOOK_004,PROV_TALUUN_STEPPE_010
PROV_GREYHOOK_004,PROV_TALUUN_STEPPE_011
PROV_GREYHOOK_004,PROV_TALUUN_STEPPE_022
PROV_GREYHOOK_007,PROV_GREYHOOK_008
PROV_GREYHOOK_007,PROV_GREYHOOK_009
PROV_GREYHOOK_007,PROV_TALUUN_STEPPE_022
PROV_GREYHOOK_007,PROV_TALUUN_STEPPE_033
PROV_TALUUN_STEPPE_010,PROV_TALUUN_STEPPE_011
PROV_TALUUN_STEPPE_010,PROV_TALUUN_STEPPE_022
PROV_TALUUN_STEPPE_022,PROV_TALUUN_STEPPE_032
PROV_TALUUN_STEPPE_022,PROV_TALUUN_STEPPE_033
PROV_GREYHOOK_008,PROV_GREYHOOK_009
PROV_GREYHOOK_008,PROV_GREYHOOK_010
PROV_GREYHOOK_008,PROV_GREYHOOK_011
PROV_GREYHOOK_011,PROV_GREYHOOK_013
PROV_GREYHOOK_011,PROV_GREYHOOK_014
PROV_GREYHOOK_011,PROV_TALUUN_STEPPE_034
PROV_TALUUN_STEPPE_034,PROV_TALUUN_STEPPE_035
PROV_TALUUN_STEPPE_034,PROV_TALUUN_STEPPE_044
PROV_GREYHOOK_009,PROV_GREYHOOK_010
PROV_GREYHOOK_009,PROV_GREYHOOK_012
PROV_GREYHOOK_009,PROV_GREYHOOK_013
PROV_GREYHOOK_009,PROV_TALUUN_STEPPE_033
PROV_TALUUN_STEPPE_033,PROV_TALUUN_STEPPE_043
PROV_GREYHOOK_010,PROV_GREYHOOK_011
PROV_GREYHOOK_010,PROV_GREYHOOK_013
PROV_GREYHOOK_012,PROV_GREYHOOK_013
PROV_GREYHOOK_012,PROV_GREYHOOK_017
PROV_GREYHOOK_012,PROV_GREYHOOK_026
PROV_GREYHOOK_012,PROV_TALUUN_STEPPE_033
PROV_GREYHOOK_012,PROV_TALUUN_STEPPE_043
PROV_GREYHOOK_013,PROV_GREYHOOK_014
PROV_GREYHOOK_013,PROV_GREYHOOK_017
PROV_GREYHOOK_014,PROV_GREYHOOK_015
PROV_GREYHOOK_014,PROV_GREYHOOK_017
PROV_GREYHOOK_014,PROV_GREYHOOK_018
PROV_GREYHOOK_014,PROV_TALUUN_STEPPE_034
PROV_GREYHOOK_017,PROV_GREYHOOK_018
PROV_GREYHOOK_017,PROV_GREYHOOK_026
PROV_GREYHOOK_017,PROV_GREYHOOK_027
PROV_GREYHOOK_017,PROV_GREYHOOK_028
PROV_GREYHOOK_026,PROV_GREYHOOK_027
PROV_GREYHOOK_026,PROV_GREYHOOK_033
PROV_GREYHOOK_026,PROV_GREYHOOK_034
PROV_GREYHOOK_026,PROV_TALUUN_STEPPE_053
PROV_TALUUN_STEPPE_043,PROV_TALUUN_STEPPE_053
PROV_GREYHOOK_015,PROV_GREYHOOK_018
PROV_GREYHOOK_015,PROV_TALUUN_STEPPE_034
PROV_GREYHOOK_015,PROV_TALUUN_STEPPE_044
PROV_GREYHOOK_015,PROV_TALUUN_STEPPE_054
PROV_GREYHOOK_018,PROV_GREYHOOK_028
PROV_GREYHOOK_018,PROV_GREYHOOK_029
PROV_GREYHOOK_018,PROV_TALUUN_STEPPE_054
PROV_TALUUN_STEPPE_044,PROV_TALUUN_STEPPE_045
PROV_TALUUN_STEPPE_044,PROV_TALUUN_STEPPE_054
PROV_TALUUN_STEPPE_054,PROV_TALUUN_STEPPE_059
PROV_GREYHOOK_016,PROV_TALUUN_STEPPE_037
PROV_GREYHOOK_016,PROV_TALUUN_STEPPE_045
PROV_GREYHOOK_016,PROV_TALUUN_STEPPE_046
PROV_GREYHOOK_016,PROV_TALUUN_STEPPE_055
PROV_TALUUN_STEPPE_037,PROV_TALUUN_STEPPE_038
PROV_TALUUN_STEPPE_037,PROV_TALUUN_STEPPE_045
PROV_TALUUN_STEPPE_037,PROV_TALUUN_STEPPE_046
PROV_TALUUN_STEPPE_045,PROV_TALUUN_STEPPE_055
PROV_TALUUN_STEPPE_045,PROV_TALUUN_STEPPE_114
PROV_TALUUN_STEPPE_046,PROV_TALUUN_STEPPE_047
PROV_TALUUN_STEPPE_046,PROV_TALUUN_STEPPE_055
PROV_TALUUN_STEPPE_055,PROV_TALUUN_STEPPE_056
PROV_TALUUN_STEPPE_055,PROV_TALUUN_STEPPE_114
PROV_GREYHOOK_027,PROV_GREYHOOK_028
PROV_GREYHOOK_027,PROV_GREYHOOK_029
PROV_GREYHOOK_027,PROV_GREYHOOK_034
PROV_GREYHOOK_027,PROV_GREYHOOK_037
PROV_GREYHOOK_027,PROV_TALUUN_STEPPE_059
PROV_GREYHOOK_028,PROV_GREYHOOK_029
PROV_GREYHOOK_029,PROV_TALUUN_STEPPE_054
PROV_GREYHOOK_029,PROV_TALUUN_STEPPE_059
PROV_GREYHOOK_019,PROV_GREYHOOK_030
PROV_GREYHOOK_019,PROV_TALUUN_STEPPE_047
PROV_GREYHOOK_019,PROV_TALUUN_STEPPE_048
PROV_GREYHOOK_019,PROV_TALUUN_STEPPE_055
PROV_GREYHOOK_019,PROV_TALUUN_STEPPE_056
PROV_GREYHOOK_030,PROV_GREYHOOK_031
PROV_GREYHOOK_030,PROV_TALUUN_STEPPE_048
PROV_GREYHOOK_030,PROV_TALUUN_STEPPE_056
PROV_GREYHOOK_030,PROV_TALUUN_STEPPE_060
PROV_GREYHOOK_030,PROV_TALUUN_STEPPE_061
PROV_TALUUN_STEPPE_047,PROV_TALUUN_STEPPE_048
PROV_TALUUN_STEPPE_047,PROV_TALUUN_STEPPE_055
PROV_TALUUN_STEPPE_048,PROV_TALUUN_STEPPE_049
PROV_TALUUN_STEPPE_048,PROV_TALUUN_STEPPE_057
PROV_TALUUN_STEPPE_056,PROV_TALUUN_STEPPE_060
PROV_CAIRN_MARCH_102,PROV_CAIRN_MARCH_103
PROV_CAIRN_MARCH_102,PROV_MAREN_COAST_009
PROV_CAIRN_MARCH_103,PROV_CAIRN_MARCH_104
PROV_CAIRN_MARCH_103,PROV_MAREN_COAST_020
PROV_MAREN_COAST_020,PROV_MAREN_COAST_021
PROV_MAREN_COAST_020,PROV_MAREN_COAST_026
PROV_GREYHOOK_023,PROV_GREYHOOK_024
PROV_GREYHOOK_023,PROV_TALUUN_STEPPE_051
PROV_GREYHOOK_023,PROV_TALUUN_STEPPE_052
PROV_GREYHOOK_023,PROV_MAREN_COAST_023
PROV_GREYHOOK_024,PROV_GREYHOOK_025
PROV_GREYHOOK_024,PROV_GREYHOOK_033
PROV_GREYHOOK_024,PROV_TALUUN_STEPPE_052
PROV_GREYHOOK_024,PROV_TALUUN_STEPPE_053
PROV_GREYHOOK_024,PROV_MAREN_COAST_023
PROV_GREYHOOK_024,PROV_MAREN_COAST_030
PROV_TALUUN_STEPPE_051,PROV_TALUUN_STEPPE_052
PROV_TALUUN_STEPPE_051,PROV_MAREN_COAST_022
PROV_TALUUN_STEPPE_051,PROV_MAREN_COAST_023
PROV_TALUUN_STEPPE_051,PROV_MAREN_COAST_029
PROV_TALUUN_STEPPE_052,PROV_TALUUN_STEPPE_053
PROV_MAREN_COAST_023,PROV_MAREN_COAST_029
PROV_MAREN_COAST_023,PROV_MAREN_COAST_030
PROV_GREYHOOK_025,PROV_GREYHOOK_026
PROV_GREYHOOK_025,PROV_GREYHOOK_033
PROV_GREYHOOK_025,PROV_TALUUN_STEPPE_053
PROV_GREYHOOK_033,PROV_GREYHOOK_034
PROV_GREYHOOK_033,PROV_GREYHOOK_036
PROV_GREYHOOK_033,PROV_MAREN_COAST_030
PROV_GREYHOOK_033,PROV_MAREN_COAST_032
PROV_MAREN_COAST_030,PROV_MAREN_COAST_032
PROV_GREYHOOK_034,PROV_GREYHOOK_036
PROV_GREYHOOK_034,PROV_GREYHOOK_037
PROV_GREYHOOK_031,PROV_GREYHOOK_035
PROV_GREYHOOK_031,PROV_TALUUN_STEPPE_048
PROV_GREYHOOK_031,PROV_TALUUN_STEPPE_057
PROV_GREYHOOK_031,PROV_TALUUN_STEPPE_061
PROV_TALUUN_STEPPE_060,PROV_TALUUN_STEPPE_061
PROV_TALUUN_STEPPE_060,PROV_TALUUN_STEPPE_067
PROV_TALUUN_STEPPE_060,PROV_TALUUN_STEPPE_068
PROV_TALUUN_STEPPE_061,PROV_TALUUN_STEPPE_068
PROV_TALUUN_STEPPE_061,PROV_TALUUN_STEPPE_069
PROV_GREYHOOK_035,PROV_GREYHOOK_038
PROV_GREYHOOK_035,PROV_GREYHOOK_039
PROV_GREYHOOK_035,PROV_TALUUN_STEPPE_057
PROV_GREYHOOK_035,PROV_TALUUN_STEPPE_058
PROV_GREYHOOK_035,PROV_TALUUN_STEPPE_061
PROV_GREYHOOK_035,PROV_TALUUN_STEPPE_062
PROV_TALUUN_STEPPE_057,PROV_TALUUN_STEPPE_058
PROV_GREYHOOK_038,PROV_GREYHOOK_039
PROV_GREYHOOK_038,PROV_GREYHOOK_043
PROV_GREYHOOK_038,PROV_TALUUN_STEPPE_061
PROV_GREYHOOK_038,PROV_TALUUN_STEPPE_069
PROV_GREYHOOK_039,PROV_GREYHOOK_040
PROV_GREYHOOK_039,PROV_GREYHOOK_043
PROV_GREYHOOK_039,PROV_GREYHOOK_044
PROV_GREYHOOK_039,PROV_TALUUN_STEPPE_062
PROV_TALUUN_STEPPE_058,PROV_TALUUN_STEPPE_062
PROV_GREYHOOK_043,PROV_GREYHOOK_044
PROV_GREYHOOK_043,PROV_GREYHOOK_049
PROV_GREYHOOK_043,PROV_TALUUN_STEPPE_069
PROV_GREYHOOK_040,PROV_GREYHOOK_044
PROV_GREYHOOK_040,PROV_TALUUN_STEPPE_062
PROV_GREYHOOK_044,PROV_GREYHOOK_049
PROV_GREYHOOK_044,PROV_TALUUN_STEPPE_073
PROV_GREYHOOK_042,PROV_GREYHOOK_043
PROV_GREYHOOK_042,PROV_GREYHOOK_047
PROV_GREYHOOK_042,PROV_GREYHOOK_048
PROV_GREYHOOK_042,PROV_GREYHOOK_049
PROV_GREYHOOK_042,PROV_TALUUN_STEPPE_068
PROV_GREYHOOK_042,PROV_TALUUN_STEPPE_069
PROV_GREYHOOK_047,PROV_GREYHOOK_048
PROV_GREYHOOK_047,PROV_GREYHOOK_055
PROV_GREYHOOK_047,PROV_TALUUN_STEPPE_068
PROV_GREYHOOK_047,PROV_TALUUN_STEPPE_079
PROV_GREYHOOK_048,PROV_GREYHOOK_049
PROV_GREYHOOK_048,PROV_TALUUN_STEPPE_079
PROV_GREYHOOK_049,PROV_TALUUN_STEPPE_073
PROV_GREYHOOK_049,PROV_TALUUN_STEPPE_079
PROV_GREYHOOK_049,PROV_TALUUN_STEPPE_080
PROV_TALUUN_STEPPE_068,PROV_TALUUN_STEPPE_069
PROV_TALUUN_STEPPE_073,PROV_TALUUN_STEPPE_080
PROV_TALUUN_STEPPE_073,PROV_TALUUN_STEPPE_081
PROV_GREYHOOK_046,PROV_GREYHOOK_047
PROV_GREYHOOK_046,PROV_GREYHOOK_054
PROV_GREYHOOK_046,PROV_GREYHOOK_055
PROV_GREYHOOK_046,PROV_TALUUN_STEPPE_067
PROV_GREYHOOK_046,PROV_TALUUN_STEPPE_068
PROV_GREYHOOK_046,PROV_TALUUN_STEPPE_072
PROV_GREYHOOK_054,PROV_GREYHOOK_055
PROV_GREYHOOK_054,PROV_GREYHOOK_061
PROV_GREYHOOK_054,PROV_TALUUN_STEPPE_072
PROV_GREYHOOK_055,PROV_GREYHOOK_061
PROV_GREYHOOK_055,PROV_GREYHOOK_074
PROV_GREYHOOK_055,PROV_GREYHOOK_075
PROV_GREYHOOK_055,PROV_TALUUN_STEPPE_079
PROV_TALUUN_STEPPE_067,PROV_TALUUN_STEPPE_068
PROV_TALUUN_STEPPE_067,PROV_TALUUN_STEPPE_072
PROV_TALUUN_STEPPE_079,PROV_TALUUN_STEPPE_080
PROV_TALUUN_STEPPE_080,PROV_TALUUN_STEPPE_081
PROV_GREYHOOK_051,PROV_GREYHOOK_052
PROV_GREYHOOK_051,PROV_GREYHOOK_057
PROV_GREYHOOK_051,PROV_GREYHOOK_058
PROV_GREYHOOK_051,PROV_GREYHOOK_059
PROV_GREYHOOK_051,PROV_TALUUN_STEPPE_065
PROV_GREYHOOK_051,PROV_TALUUN_STEPPE_066
PROV_GREYHOOK_051,PROV_TALUUN_STEPPE_071
PROV_GREYHOOK_052,PROV_GREYHOOK_053
PROV_GREYHOOK_052,PROV_GREYHOOK_059
PROV_GREYHOOK_052,PROV_GREYHOOK_060
PROV_GREYHOOK_052,PROV_TALUUN_STEPPE_066
PROV_GREYHOOK_052,PROV_TALUUN_STEPPE_072
PROV_GREYHOOK_057,PROV_GREYHOOK_058
PROV_GREYHOOK_057,PROV_GREYHOOK_069
PROV_GREYHOOK_057,PROV_GREYHOOK_070
PROV_GREYHOOK_057,PROV_TALUUN_STEPPE_071
PROV_GREYHOOK_057,PROV_TALUUN_STEPPE_078
PROV_GREYHOOK_057,PROV_TALUUN_STEPPE_084
PROV_GREYHOOK_058,PROV_GREYHOOK_059
PROV_GREYHOOK_058,PROV_GREYHOOK_070
PROV_GREYHOOK_058,PROV_GREYHOOK_071
PROV_GREYHOOK_059,PROV_GREYHOOK_060
PROV_GREYHOOK_059,PROV_GREYHOOK_071
PROV_TALUUN_STEPPE_065,PROV_TALUUN_STEPPE_066
PROV_TALUUN_STEPPE_065,PROV_TALUUN_STEPPE_071
PROV_TALUUN_STEPPE_065,PROV_TALUUN_STEPPE_114
PROV_TALUUN_STEPPE_066,PROV_TALUUN_STEPPE_067
PROV_TALUUN_STEPPE_066,PROV_TALUUN_STEPPE_072
PROV_TALUUN_STEPPE_066,PROV_TALUUN_STEPPE_114
PROV_TALUUN_STEPPE_071,PROV_TALUUN_STEPPE_078
PROV_GREYHOOK_053,PROV_GREYHOOK_054
PROV_GREYHOOK_053,PROV_GREYHOOK_060
PROV_GREYHOOK_053,PROV_GREYHOOK_061
PROV_GREYHOOK_053,PROV_TALUUN_STEPPE_072
PROV_GREYHOOK_060,PROV_GREYHOOK_061
PROV_GREYHOOK_060,PROV_GREYHOOK_071
PROV_GREYHOOK_060,PROV_GREYHOOK_072
PROV_GREYHOOK_061,PROV_GREYHOOK_072
PROV_GREYHOOK_061,PROV_GREYHOOK_073
PROV_GREYHOOK_061,PROV_GREYHOOK_074
PROV_GREYHOOK_074,PROV_GREYHOOK_075
PROV_GREYHOOK_074,PROV_GREYHOOK_081
PROV_GREYHOOK_074,PROV_GREYHOOK_082
PROV_GREYHOOK_075,PROV_GREYHOOK_082
PROV_GREYHOOK_075,PROV_GREYHOOK_083
PROV_GREYHOOK_075,PROV_GREYHOOK_084
PROV_GREYHOOK_075,PROV_TALUUN_STEPPE_079
PROV_GREYHOOK_056,PROV_GREYHOOK_064
PROV_GREYHOOK_056,PROV_GREYHOOK_065
PROV_GREYHOOK_056,PROV_GREYHOOK_066
PROV_GREYHOOK_056,PROV_TALUUN_STEPPE_074
PROV_GREYHOOK_056,PROV_MAREN_COAST_071
PROV_GREYHOOK_064,PROV_GREYHOOK_065
PROV_GREYHOOK_064,PROV_GREYHOOK_077
PROV_GREYHOOK_064,PROV_MAREN_COAST_071
PROV_GREYHOOK_064,PROV_MAREN_COAST_089
PROV_GREYHOOK_065,PROV_GREYHOOK_066
PROV_GREYHOOK_065,PROV_GREYHOOK_077
PROV_GREYHOOK_065,PROV_GREYHOOK_078
PROV_GREYHOOK_065,PROV_GREYHOOK_079
PROV_GREYHOOK_066,PROV_GREYHOOK_067
PROV_GREYHOOK_066,PROV_GREYHOOK_079
PROV_GREYHOOK_066,PROV_TALUUN_STEPPE_074
PROV_GREYHOOK_066,PROV_TALUUN_STEPPE_075
PROV_GREYHOOK_069,PROV_GREYHOOK_080
PROV_GREYHOOK_069,PROV_TALUUN_STEPPE_078
PROV_GREYHOOK_069,PROV_TALUUN_STEPPE_084
PROV_GREYHOOK_069,PROV_TALUUN_STEPPE_089
PROV_GREYHOOK_070,PROV_GREYHOOK_071
PROV_GREYHOOK_070,PROV_TALUUN_STEPPE_084
PROV_GREYHOOK_070,PROV_TALUUN_STEPPE_085
PROV_TALUUN_STEPPE_078,PROV_TALUUN_STEPPE_083
PROV_TALUUN_STEPPE_084,PROV_TALUUN_STEPPE_085
PROV_TALUUN_STEPPE_084,PROV_TALUUN_STEPPE_089
PROV_TALUUN_STEPPE_084,PROV_TALUUN_STEPPE_090
PROV_GREYHOOK_071,PROV_GREYHOOK_072
PROV_GREYHOOK_071,PROV_TALUUN_STEPPE_085
PROV_GREYHOOK_072,PROV_GREYHOOK_073
PROV_GREYHOOK_072,PROV_TALUUN_STEPPE_085
PROV_GREYHOOK_072,PROV_TALUUN_STEPPE_092
PROV_GREYHOOK_073,PROV_GREYHOOK_074
PROV_GREYHOOK_073,PROV_GREYHOOK_081
PROV_GREYHOOK_073,PROV_TALUUN_STEPPE_092
PROV_GREYHOOK_063,PROV_GREYHOOK_064
PROV_GREYHOOK_063,PROV_MAREN_COAST_071
PROV_GREYHOOK_063,PROV_MAREN_COAST_089
PROV_GREYHOOK_077,PROV_GREYHOOK_078
PROV_GREYHOOK_077,PROV_MAREN_COAST_089
PROV_GREYHOOK_078,PROV_GREYHOOK_079
PROV_GREYHOOK_078,PROV_TALUUN_STEPPE_096
PROV_GREYHOOK_079,PROV_TALUUN_STEPPE_086
PROV_GREYHOOK_079,PROV_TALUUN_STEPPE_096
PROV_GREYHOOK_067,PROV_GREYHOOK_079
PROV_GREYHOOK_067,PROV_TALUUN_STEPPE_075
PROV_GREYHOOK_067,PROV_TALUUN_STEPPE_076
PROV_GREYHOOK_067,PROV_TALUUN_STEPPE_082
PROV_GREYHOOK_067,PROV_TALUUN_STEPPE_086
PROV_TALUUN_STEPPE_082,PROV_TALUUN_STEPPE_083
PROV_TALUUN_STEPPE_082,PROV_TALUUN_STEPPE_086
PROV_TALUUN_STEPPE_082,PROV_TALUUN_STEPPE_087
PROV_TALUUN_STEPPE_082,PROV_TALUUN_STEPPE_088
PROV_TALUUN_STEPPE_086,PROV_TALUUN_STEPPE_087
PROV_TALUUN_STEPPE_086,PROV_TALUUN_STEPPE_096
PROV_GREYHOOK_068,PROV_GREYHOOK_069
PROV_GREYHOOK_068,PROV_GREYHOOK_080
PROV_GREYHOOK_068,PROV_TALUUN_STEPPE_078
PROV_GREYHOOK_068,PROV_TALUUN_STEPPE_083
PROV_GREYHOOK_080,PROV_TALUUN_STEPPE_083
PROV_GREYHOOK_080,PROV_TALUUN_STEPPE_088
PROV_GREYHOOK_080,PROV_TALUUN_STEPPE_089
PROV_TALUUN_STEPPE_083,PROV_TALUUN_STEPPE_088
PROV_TALUUN_STEPPE_089,PROV_TALUUN_STEPPE_090
PROV_TALUUN_STEPPE_089,PROV_TALUUN_STEPPE_097
PROV_TALUUN_STEPPE_085,PROV_TALUUN_STEPPE_090
PROV_TALUUN_STEPPE_085,PROV_TALUUN_STEPPE_091
PROV_TALUUN_STEPPE_085,PROV_TALUUN_STEPPE_092
PROV_TALUUN_STEPPE_092,PROV_TALUUN_STEPPE_093
PROV_TALUUN_STEPPE_092,PROV_TALUUN_STEPPE_098
PROV_TALUUN_STEPPE_092,PROV_TALUUN_STEPPE_099
PROV_GREYHOOK_081,PROV_GREYHOOK_082
PROV_GREYHOOK_081,PROV_TALUUN_STEPPE_092
PROV_GREYHOOK_081,PROV_TALUUN_STEPPE_093
PROV_GREYHOOK_082,PROV_GREYHOOK_083
PROV_GREYHOOK_082,PROV_TALUUN_STEPPE_093
PROV_GREYHOOK_083,PROV_GREYHOOK_084
PROV_GREYHOOK_083,PROV_GREYHOOK_090
PROV_GREYHOOK_083,PROV_TALUUN_STEPPE_093
PROV_GREYHOOK_083,PROV_TALUUN_STEPPE_101
PROV_GREYHOOK_084,PROV_GREYHOOK_085
PROV_GREYHOOK_084,PROV_GREYHOOK_090
PROV_GREYHOOK_084,PROV_TALUUN_STEPPE_079
PROV_GREYHOOK_084,PROV_TALUUN_STEPPE_080
PROV_GREYHOOK_084,PROV_TALUUN_STEPPE_094
PROV_GREYHOOK_087,PROV_GREYHOOK_088
PROV_GREYHOOK_087,PROV_MAREN_COAST_081
PROV_GREYHOOK_087,PROV_MAREN_COAST_091
PROV_GREYHOOK_087,PROV_MAREN_COAST_094
PROV_TALUUN_STEPPE_096,PROV_MAREN_COAST_095
PROV_TALUUN_STEPPE_088,PROV_TALUUN_STEPPE_089
PROV_TALUUN_STEPPE_088,PROV_TALUUN_STEPPE_097
PROV_TALUUN_STEPPE_093,PROV_TALUUN_STEPPE_099
PROV_TALUUN_STEPPE_093,PROV_TALUUN_STEPPE_100
PROV_TALUUN_STEPPE_093,PROV_TALUUN_STEPPE_101
PROV_GREYHOOK_090,PROV_TALUUN_STEPPE_094
PROV_GREYHOOK_090,PROV_TALUUN_STEPPE_101
PROV_TALUUN_STEPPE_101,PROV_TALUUN_STEPPE_102
PROV_TALUUN_STEPPE_101,PROV_TALUUN_STEPPE_106
PROV_GREYHOOK_085,PROV_GREYHOOK_086
PROV_GREYHOOK_085,PROV_GREYHOOK_091
PROV_GREYHOOK_085,PROV_TALUUN_STEPPE_080
PROV_GREYHOOK_085,PROV_TALUUN_STEPPE_081
PROV_GREYHOOK_085,PROV_TALUUN_STEPPE_094
PROV_TALUUN_STEPPE_094,PROV_TALUUN_STEPPE_101
PROV_TALUUN_STEPPE_094,PROV_TALUUN_STEPPE_102
PROV_GREYHOOK_086,PROV_GREYHOOK_091
PROV_GREYHOOK_086,PROV_TALUUN_STEPPE_081
PROV_GREYHOOK_091,PROV_TALUUN_STEPPE_094
PROV_GREYHOOK_091,PROV_TALUUN_STEPPE_102
PROV_MAREN_COAST_091,PROV_MAREN_COAST_093
PROV_MAREN_COAST_091,PROV_MAREN_COAST_094
PROV_GREYHOOK_092,PROV_GREYHOOK_093
PROV_GREYHOOK_092,PROV_GREYHOOK_095
PROV_GREYHOOK_092,PROV_GREYHOOK_096
PROV_GREYHOOK_092,PROV_MAREN_COAST_094
PROV_GREYHOOK_093,PROV_GREYHOOK_094
PROV_GREYHOOK_093,PROV_GREYHOOK_096
PROV_GREYHOOK_093,PROV_GREYHOOK_097
PROV_GREYHOOK_093,PROV_QERESH_WELLS_016
PROV_QERESH_WELLS_016,PROV_MAREN_COAST_088
PROV_QERESH_WELLS_016,PROV_MAREN_COAST_092
PROV_TALUUN_STEPPE_102,PROV_TALUUN_STEPPE_106
PROV_GREYHOOK_095,PROV_GREYHOOK_096
PROV_GREYHOOK_095,PROV_QERESH_WELLS_050
PROV_GREYHOOK_095,PROV_QERESH_WELLS_051
PROV_GREYHOOK_095,PROV_MAREN_COAST_094
PROV_GREYHOOK_096,PROV_GREYHOOK_097
PROV_GREYHOOK_096,PROV_QERESH_WELLS_051
PROV_GREYHOOK_094,PROV_GREYHOOK_097
PROV_GREYHOOK_094,PROV_GREYHOOK_098
PROV_GREYHOOK_094,PROV_TALUUN_STEPPE_095
PROV_GREYHOOK_094,PROV_QERESH_WELLS_016
PROV_GREYHOOK_094,PROV_MAREN_COAST_092
PROV_GREYHOOK_097,PROV_GREYHOOK_098
PROV_GREYHOOK_097,PROV_GREYHOOK_105
PROV_GREYHOOK_097,PROV_QERESH_WELLS_051
PROV_GREYHOOK_098,PROV_GREYHOOK_099
PROV_GREYHOOK_098,PROV_GREYHOOK_105
PROV_GREYHOOK_098,PROV_GREYHOOK_106
PROV_GREYHOOK_098,PROV_TALUUN_STEPPE_095
PROV_TALUUN_STEPPE_095,PROV_MAREN_COAST_092
PROV_TALUUN_STEPPE_095,PROV_MAREN_COAST_095
PROV_MAREN_COAST_092,PROV_MAREN_COAST_095
PROV_QERESH_WELLS_050,PROV_QERESH_WELLS_051
PROV_QERESH_WELLS_050,PROV_MAREN_COAST_096
PROV_QERESH_WELLS_051,PROV_QERESH_WELLS_066
PROV_GREYHOOK_105,PROV_GREYHOOK_106
PROV_GREYHOOK_105,PROV_QERESH_WELLS_051
PROV_GREYHOOK_099,PROV_GREYHOOK_106
PROV_GREYHOOK_099,PROV_GREYHOOK_107
PROV_GREYHOOK_099,PROV_TALUUN_STEPPE_095
PROV_GREYHOOK_099,PROV_MAREN_COAST_095
PROV_GREYHOOK_106,PROV_GREYHOOK_107
PROV_GREYHOOK_106,PROV_QERESH_WELLS_052
PROV_GREYHOOK_107,PROV_GREYHOOK_108
PROV_GREYHOOK_107,PROV_QERESH_WELLS_052
PROV_GREYHOOK_107,PROV_MAREN_COAST_095
PROV_GREYHOOK_100,PROV_GREYHOOK_107
PROV_GREYHOOK_100,PROV_GREYHOOK_108
PROV_GREYHOOK_100,PROV_GREYHOOK_109
PROV_GREYHOOK_100,PROV_TALUUN_STEPPE_096
PROV_GREYHOOK_100,PROV_MAREN_COAST_095
PROV_GREYHOOK_108,PROV_GREYHOOK_109
PROV_GREYHOOK_108,PROV_QERESH_WELLS_052
PROV_GREYHOOK_109,PROV_TALUUN_STEPPE_096
PROV_GREYHOOK_109,PROV_QERESH_WELLS_053
PROV_GREYHOOK_101,PROV_GREYHOOK_109
PROV_GREYHOOK_101,PROV_TALUUN_STEPPE_086
PROV_GREYHOOK_101,PROV_TALUUN_STEPPE_096
PROV_GREYHOOK_101,PROV_TALUUN_STEPPE_103
PROV_GREYHOOK_101,PROV_QERESH_WELLS_053
PROV_TALUUN_STEPPE_103,PROV_QERESH_WELLS_053
PROV_GREYHOOK_102,PROV_TALUUN_STEPPE_093
PROV_GREYHOOK_102,PROV_TALUUN_STEPPE_099
PROV_GREYHOOK_102,PROV_TALUUN_STEPPE_100
PROV_GREYHOOK_102,PROV_TALUUN_STEPPE_104
PROV_GREYHOOK_102,PROV_TALUUN_STEPPE_105
PROV_GREYHOOK_102,PROV_TALUUN_STEPPE_107
PROV_TALUUN_STEPPE_099,PROV_TALUUN_STEPPE_104
PROV_TALUUN_STEPPE_100,PROV_TALUUN_STEPPE_101
PROV_TALUUN_STEPPE_100,PROV_TALUUN_STEPPE_105
PROV_TALUUN_STEPPE_100,PROV_TALUUN_STEPPE_106
PROV_TALUUN_STEPPE_104,PROV_TALUUN_STEPPE_107
PROV_TALUUN_STEPPE_105,PROV_TALUUN_STEPPE_106
PROV_TALUUN_STEPPE_105,PROV_TALUUN_STEPPE_107
PROV_TALUUN_STEPPE_105,PROV_TALUUN_STEPPE_108
PROV_TALUUN_STEPPE_107,PROV_TALUUN_STEPPE_108
PROV_GREYHOOK_103,PROV_GREYHOOK_104
PROV_GREYHOOK_103,PROV_QERESH_WELLS_015
PROV_GREYHOOK_103,PROV_QERESH_WELLS_031
PROV_GREYHOOK_103,PROV_QERESH_WELLS_032
PROV_GREYHOOK_103,PROV_QERESH_WELLS_048
PROV_GREYHOOK_103,PROV_MAREN_COAST_093
PROV_GREYHOOK_104,PROV_GREYHOOK_110
PROV_GREYHOOK_104,PROV_GREYHOOK_111
PROV_GREYHOOK_104,PROV_QERESH_WELLS_032
PROV_GREYHOOK_104,PROV_QERESH_WELLS_048
PROV_GREYHOOK_104,PROV_QERESH_WELLS_049
PROV_QERESH_WELLS_031,PROV_QERESH_WELLS_047
PROV_QERESH_WELLS_031,PROV_QERESH_WELLS_048
PROV_QERESH_WELLS_032,PROV_MAREN_COAST_093
PROV_QERESH_WELLS_032,PROV_MAREN_COAST_096
PROV_MAREN_COAST_093,PROV_MAREN_COAST_096
PROV_GREYHOOK_110,PROV_GREYHOOK_111
PROV_GREYHOOK_110,PROV_GREYHOOK_112
PROV_GREYHOOK_110,PROV_QERESH_WELLS_047
PROV_GREYHOOK_110,PROV_QERESH_WELLS_048
PROV_GREYHOOK_110,PROV_QERESH_WELLS_065
PROV_GREYHOOK_111,PROV_GREYHOOK_112
PROV_GREYHOOK_111,PROV_GREYHOOK_113
PROV_GREYHOOK_111,PROV_QERESH_WELLS_049
PROV_QERESH_WELLS_049,PROV_QERESH_WELLS_050
PROV_QERESH_WELLS_049,PROV_MAREN_COAST_096
PROV_QERESH_WELLS_052,PROV_QERESH_WELLS_066
PROV_GREYHOOK_112,PROV_GREYHOOK_113
PROV_GREYHOOK_112,PROV_GREYHOOK_116
PROV_GREYHOOK_112,PROV_QERESH_WELLS_065
PROV_GREYHOOK_112,PROV_QERESH_WELLS_073
PROV_QERESH_WELLS_047,PROV_QERESH_WELLS_048
PROV_QERESH_WELLS_047,PROV_QERESH_WELLS_064
PROV_QERESH_WELLS_047,PROV_QERESH_WELLS_065
PROV_QERESH_WELLS_065,PROV_QERESH_WELLS_071
PROV_QERESH_WELLS_065,PROV_QERESH_WELLS_072
PROV_QERESH_WELLS_065,PROV_QERESH_WELLS_073
PROV_GREYHOOK_113,PROV_GREYHOOK_114
PROV_GREYHOOK_113,PROV_GREYHOOK_116
PROV_GREYHOOK_113,PROV_GREYHOOK_117
PROV_GREYHOOK_113,PROV_QERESH_WELLS_049
PROV_GREYHOOK_116,PROV_GREYHOOK_117
PROV_GREYHOOK_116,PROV_GREYHOOK_122
PROV_GREYHOOK_116,PROV_QERESH_WELLS_073
PROV_QERESH_WELLS_073,PROV_QERESH_WELLS_082
PROV_QERESH_WELLS_073,PROV_QERESH_WELLS_083
PROV_QERESH_WELLS_073,PROV_QERESH_WELLS_084
PROV_GREYHOOK_114,PROV_GREYHOOK_115
PROV_GREYHOOK_114,PROV_GREYHOOK_117
PROV_GREYHOOK_114,PROV_GREYHOOK_118
PROV_GREYHOOK_114,PROV_QERESH_WELLS_049
PROV_GREYHOOK_114,PROV_QERESH_WELLS_050
PROV_GREYHOOK_117,PROV_GREYHOOK_118
PROV_GREYHOOK_117,PROV_GREYHOOK_122
PROV_GREYHOOK_117,PROV_GREYHOOK_123
PROV_GREYHOOK_117,PROV_GREYHOOK_124
PROV_GREYHOOK_115,PROV_GREYHOOK_118
PROV_GREYHOOK_115,PROV_GREYHOOK_119
PROV_GREYHOOK_115,PROV_GREYHOOK_120
PROV_GREYHOOK_115,PROV_QERESH_WELLS_050
PROV_GREYHOOK_115,PROV_QERESH_WELLS_051
PROV_GREYHOOK_118,PROV_GREYHOOK_119
PROV_GREYHOOK_118,PROV_GREYHOOK_124
PROV_GREYHOOK_119,PROV_GREYHOOK_120
PROV_GREYHOOK_119,PROV_GREYHOOK_124
PROV_GREYHOOK_119,PROV_QERESH_WELLS_074
PROV_GREYHOOK_120,PROV_GREYHOOK_121
PROV_GREYHOOK_120,PROV_QERESH_WELLS_051
PROV_GREYHOOK_120,PROV_QERESH_WELLS_074
PROV_GREYHOOK_122,PROV_GREYHOOK_123
PROV_GREYHOOK_122,PROV_QERESH_WELLS_073
PROV_GREYHOOK_122,PROV_QERESH_WELLS_084
PROV_GREYHOOK_123,PROV_GREYHOOK_124
PROV_GREYHOOK_123,PROV_QERESH_WELLS_084
PROV_GREYHOOK_123,PROV_QERESH_WELLS_085
PROV_GREYHOOK_124,PROV_QERESH_WELLS_074
PROV_GREYHOOK_124,PROV_QERESH_WELLS_085
PROV_QERESH_WELLS_074,PROV_QERESH_WELLS_075
PROV_QERESH_WELLS_074,PROV_QERESH_WELLS_085
PROV_GREYHOOK_121,PROV_QERESH_WELLS_051
PROV_GREYHOOK_121,PROV_QERESH_WELLS_066
PROV_GREYHOOK_121,PROV_QERESH_WELLS_074
PROV_GREYHOOK_121,PROV_QERESH_WELLS_075
PROV_QERESH_WELLS_066,PROV_QERESH_WELLS_075
PROV_QERESH_WELLS_075,PROV_QERESH_WELLS_105
PROV_QERESH_WELLS_084,PROV_QERESH_WELLS_085
PROV_QERESH_WELLS_084,PROV_QERESH_WELLS_093
PROV_QERESH_WELLS_085,PROV_QERESH_WELLS_093
PROV_QERESH_WELLS_085,PROV_QERESH_WELLS_094
PROV_CAIRN_MARCH_001,PROV_CAIRN_MARCH_002
PROV_CAIRN_MARCH_001,PROV_CAIRN_MARCH_007
PROV_CAIRN_MARCH_001,PROV_CAIRN_MARCH_008
PROV_CAIRN_MARCH_001,PROV_CAIRN_MARCH_009
PROV_CAIRN_MARCH_002,PROV_CAIRN_MARCH_003
PROV_CAIRN_MARCH_002,PROV_CAIRN_MARCH_009
PROV_CAIRN_MARCH_002,PROV_CAIRN_MARCH_010
PROV_CAIRN_MARCH_002,PROV_CAIRN_MARCH_011
PROV_CAIRN_MARCH_007,PROV_CAIRN_MARCH_008
PROV_CAIRN_MARCH_007,PROV_CAIRN_MARCH_023
PROV_CAIRN_MARCH_007,PROV_CAIRN_MARCH_024
PROV_CAIRN_MARCH_007,PROV_CAIRN_MARCH_025
PROV_CAIRN_MARCH_008,PROV_CAIRN_MARCH_009
PROV_CAIRN_MARCH_008,PROV_CAIRN_MARCH_025
PROV_CAIRN_MARCH_009,PROV_CAIRN_MARCH_010
PROV_CAIRN_MARCH_009,PROV_CAIRN_MARCH_025
PROV_CAIRN_MARCH_009,PROV_CAIRN_MARCH_026
PROV_CAIRN_MARCH_003,PROV_CAIRN_MARCH_004
PROV_CAIRN_MARCH_003,PROV_CAIRN_MARCH_011
PROV_CAIRN_MARCH_003,PROV_CAIRN_MARCH_012
PROV_CAIRN_MARCH_010,PROV_CAIRN_MARCH_011
PROV_CAIRN_MARCH_010,PROV_CAIRN_MARCH_026
PROV_CAIRN_MARCH_010,PROV_CAIRN_MARCH_027
PROV_CAIRN_MARCH_011,PROV_CAIRN_MARCH_012
PROV_CAIRN_MARCH_011,PROV_CAIRN_MARCH_027
PROV_CAIRN_MARCH_011,PROV_CAIRN_MARCH_028
PROV_CAIRN_MARCH_004,PROV_CAIRN_MARCH_005
PROV_CAIRN_MARCH_004,PROV_CAIRN_MARCH_012
PROV_CAIRN_MARCH_004,PROV_CAIRN_MARCH_013
PROV_CAIRN_MARCH_012,PROV_CAIRN_MARCH_013
PROV_CAIRN_MARCH_012,PROV_CAIRN_MARCH_028
PROV_CAIRN_MARCH_005,PROV_CAIRN_MARCH_013
PROV_CAIRN_MARCH_005,PROV_CAIRN_MARCH_014
PROV_CAIRN_MARCH_013,PROV_CAIRN_MARCH_014
PROV_CAIRN_MARCH_013,PROV_CAIRN_MARCH_028
PROV_CAIRN_MARCH_013,PROV_CAIRN_MARCH_029
PROV_CAIRN_MARCH_014,PROV_CAIRN_MARCH_015
PROV_CAIRN_MARCH_014,PROV_CAIRN_MARCH_029
PROV_CAIRN_MARCH_014,PROV_CAIRN_MARCH_030
PROV_CAIRN_MARCH_006,PROV_CAIRN_MARCH_007
PROV_CAIRN_MARCH_006,PROV_CAIRN_MARCH_022
PROV_CAIRN_MARCH_006,PROV_CAIRN_MARCH_023
PROV_CAIRN_MARCH_022,PROV_CAIRN_MARCH_023
PROV_CAIRN_MARCH_022,PROV_CAIRN_MARCH_040
PROV_CAIRN_MARCH_022,PROV_CAIRN_MARCH_041
PROV_CAIRN_MARCH_023,PROV_CAIRN_MARCH_024
PROV_CAIRN_MARCH_023,PROV_CAIRN_MARCH_041
PROV_CAIRN_MARCH_024,PROV_CAIRN_MARCH_025
PROV_CAIRN_MARCH_024,PROV_CAIRN_MARCH_041
PROV_CAIRN_MARCH_024,PROV_CAIRN_MARCH_042
PROV_CAIRN_MARCH_025,PROV_CAIRN_MARCH_026
PROV_CAIRN_MARCH_025,PROV_CAIRN_MARCH_042
PROV_CAIRN_MARCH_025,PROV_CAIRN_MARCH_043
PROV_CAIRN_MARCH_026,PROV_CAIRN_MARCH_027
PROV_CAIRN_MARCH_026,PROV_CAIRN_MARCH_043
PROV_CAIRN_MARCH_026,PROV_CAIRN_MARCH_044
PROV_CAIRN_MARCH_027,PROV_CAIRN_MARCH_028
PROV_CAIRN_MARCH_027,PROV_CAIRN_MARCH_044
PROV_CAIRN_MARCH_027,PROV_CAIRN_MARCH_045
PROV_CAIRN_MARCH_027,PROV_CAIRN_MARCH_046
PROV_CAIRN_MARCH_028,PROV_CAIRN_MARCH_029
PROV_CAIRN_MARCH_028,PROV_CAIRN_MARCH_046
PROV_CAIRN_MARCH_028,PROV_CAIRN_MARCH_047
PROV_CAIRN_MARCH_029,PROV_CAIRN_MARCH_030
PROV_CAIRN_MARCH_029,PROV_CAIRN_MARCH_047
PROV_CAIRN_MARCH_029,PROV_CAIRN_MARCH_048
PROV_CAIRN_MARCH_015,PROV_CAIRN_MARCH_016
PROV_CAIRN_MARCH_015,PROV_CAIRN_MARCH_030
PROV_CAIRN_MARCH_015,PROV_CAIRN_MARCH_031
PROV_CAIRN_MARCH_030,PROV_CAIRN_MARCH_031
PROV_CAIRN_MARCH_030,PROV_CAIRN_MARCH_049
PROV_CAIRN_MARCH_016,PROV_CAIRN_MARCH_017
PROV_CAIRN_MARCH_016,PROV_CAIRN_MARCH_031
PROV_CAIRN_MARCH_031,PROV_CAIRN_MARCH_032
PROV_CAIRN_MARCH_017,PROV_CAIRN_MARCH_018
PROV_CAIRN_MARCH_017,PROV_CAIRN_MARCH_031
PROV_CAIRN_MARCH_017,PROV_CAIRN_MARCH_032
PROV_CAIRN_MARCH_018,PROV_CAIRN_MARCH_032
PROV_CAIRN_MARCH_018,PROV_CAIRN_MARCH_033
PROV_CAIRN_MARCH_032,PROV_CAIRN_MARCH_033
PROV_CAIRN_MARCH_033,PROV_CAIRN_MARCH_050
PROV_CAIRN_MARCH_033,PROV_CAIRN_MARCH_051
PROV_CAIRN_MARCH_033,PROV_CAIRN_MARCH_068
PROV_CAIRN_MARCH_033,PROV_CAIRN_MARCH_069
PROV_CAIRN_MARCH_019,PROV_CAIRN_MARCH_034
PROV_CAIRN_MARCH_019,PROV_CAIRN_MARCH_035
PROV_CAIRN_MARCH_019,PROV_CAIRN_MARCH_036
PROV_CAIRN_MARCH_035,PROV_CAIRN_MARCH_036
PROV_CAIRN_MARCH_035,PROV_CAIRN_MARCH_053
PROV_CAIRN_MARCH_035,PROV_CAIRN_MARCH_054
PROV_CAIRN_MARCH_036,PROV_CAIRN_MARCH_054
PROV_CAIRN_MARCH_036,PROV_TALUUN_STEPPE_009
PROV_CAIRN_MARCH_036,PROV_TALUUN_STEPPE_113
PROV_CAIRN_MARCH_020,PROV_CAIRN_MARCH_021
PROV_CAIRN_MARCH_020,PROV_CAIRN_MARCH_037
PROV_CAIRN_MARCH_021,PROV_CAIRN_MARCH_037
PROV_CAIRN_MARCH_021,PROV_CAIRN_MARCH_038
PROV_CAIRN_MARCH_037,PROV_CAIRN_MARCH_038
PROV_CAIRN_MARCH_040,PROV_CAIRN_MARCH_041
PROV_CAIRN_MARCH_040,PROV_CAIRN_MARCH_057
PROV_CAIRN_MARCH_041,PROV_CAIRN_MARCH_042
PROV_CAIRN_MARCH_041,PROV_CAIRN_MARCH_057
PROV_CAIRN_MARCH_041,PROV_CAIRN_MARCH_058
PROV_CAIRN_MARCH_041,PROV_CAIRN_MARCH_059
PROV_CAIRN_MARCH_042,PROV_CAIRN_MARCH_043
PROV_CAIRN_MARCH_042,PROV_CAIRN_MARCH_059
PROV_CAIRN_MARCH_042,PROV_CAIRN_MARCH_078
PROV_CAIRN_MARCH_043,PROV_CAIRN_MARCH_044
PROV_CAIRN_MARCH_044,PROV_CAIRN_MARCH_045
PROV_CAIRN_MARCH_045,PROV_CAIRN_MARCH_046
PROV_CAIRN_MARCH_045,PROV_CAIRN_MARCH_060
PROV_CAIRN_MARCH_045,PROV_CAIRN_MARCH_061
PROV_CAIRN_MARCH_046,PROV_CAIRN_MARCH_047
PROV_CAIRN_MARCH_046,PROV_CAIRN_MARCH_061
PROV_CAIRN_MARCH_046,PROV_CAIRN_MARCH_062
PROV_CAIRN_MARCH_046,PROV_CAIRN_MARCH_063
PROV_CAIRN_MARCH_047,PROV_CAIRN_MARCH_048
PROV_CAIRN_MARCH_047,PROV_CAIRN_MARCH_063
PROV_CAIRN_MARCH_048,PROV_CAIRN_MARCH_049
PROV_CAIRN_MARCH_048,PROV_CAIRN_MARCH_063
PROV_CAIRN_MARCH_048,PROV_CAIRN_MARCH_064
PROV_CAIRN_MARCH_048,PROV_CAIRN_MARCH_065
PROV_CAIRN_MARCH_049,PROV_CAIRN_MARCH_050
PROV_CAIRN_MARCH_049,PROV_CAIRN_MARCH_065
PROV_CAIRN_MARCH_049,PROV_CAIRN_MARCH_066
PROV_CAIRN_MARCH_050,PROV_CAIRN_MARCH_066
PROV_CAIRN_MARCH_050,PROV_CAIRN_MARCH_067
PROV_CAIRN_MARCH_050,PROV_CAIRN_MARCH_068
PROV_CAIRN_MARCH_051,PROV_CAIRN_MARCH_052
PROV_CAIRN_MARCH_051,PROV_CAIRN_MARCH_069
PROV_CAIRN_MARCH_051,PROV_CAIRN_MARCH_070
PROV_CAIRN_MARCH_069,PROV_CAIRN_MARCH_070
PROV_CAIRN_MARCH_069,PROV_CAIRN_MARCH_084
PROV_CAIRN_MARCH_034,PROV_CAIRN_MARCH_035
PROV_CAIRN_MARCH_034,PROV_CAIRN_MARCH_052
PROV_CAIRN_MARCH_034,PROV_CAIRN_MARCH_053
PROV_CAIRN_MARCH_052,PROV_CAIRN_MARCH_053
PROV_CAIRN_MARCH_052,PROV_CAIRN_MARCH_070
PROV_CAIRN_MARCH_053,PROV_CAIRN_MARCH_054
PROV_CAIRN_MARCH_053,PROV_CAIRN_MARCH_070
PROV_CAIRN_MARCH_053,PROV_CAIRN_MARCH_071
PROV_CAIRN_MARCH_054,PROV_CAIRN_MARCH_071
PROV_CAIRN_MARCH_054,PROV_TALUUN_STEPPE_009
PROV_CAIRN_MARCH_054,PROV_TALUUN_STEPPE_021
PROV_CAIRN_MARCH_054,PROV_TALUUN_STEPPE_031
PROV_TALUUN_STEPPE_009,PROV_TALUUN_STEPPE_010
PROV_TALUUN_STEPPE_009,PROV_TALUUN_STEPPE_021
PROV_TALUUN_STEPPE_009,PROV_TALUUN_STEPPE_022
PROV_TALUUN_STEPPE_009,PROV_TALUUN_STEPPE_113
PROV_CAIRN_MARCH_039,PROV_CAIRN_MARCH_040
PROV_CAIRN_MARCH_039,PROV_CAIRN_MARCH_055
PROV_CAIRN_MARCH_039,PROV_CAIRN_MARCH_056
PROV_CAIRN_MARCH_039,PROV_CAIRN_MARCH_057
PROV_CAIRN_MARCH_055,PROV_CAIRN_MARCH_056
PROV_CAIRN_MARCH_055,PROV_CAIRN_MARCH_073
PROV_CAIRN_MARCH_055,PROV_CAIRN_MARCH_074
PROV_CAIRN_MARCH_056,PROV_CAIRN_MARCH_057
PROV_CAIRN_MARCH_056,PROV_CAIRN_MARCH_074
PROV_CAIRN_MARCH_056,PROV_CAIRN_MARCH_075
PROV_CAIRN_MARCH_056,PROV_CAIRN_MARCH_076
PROV_CAIRN_MARCH_057,PROV_CAIRN_MARCH_058
PROV_CAIRN_MARCH_057,PROV_CAIRN_MARCH_076
PROV_CAIRN_MARCH_058,PROV_CAIRN_MARCH_059
PROV_CAIRN_MARCH_058,PROV_CAIRN_MARCH_076
PROV_CAIRN_MARCH_058,PROV_CAIRN_MARCH_077
PROV_CAIRN_MARCH_059,PROV_CAIRN_MARCH_077
PROV_CAIRN_MARCH_059,PROV_CAIRN_MARCH_078
PROV_CAIRN_MARCH_060,PROV_CAIRN_MARCH_061
PROV_CAIRN_MARCH_061,PROV_CAIRN_MARCH_062
PROV_CAIRN_MARCH_061,PROV_CAIRN_MARCH_079
PROV_CAIRN_MARCH_061,PROV_MAREN_COAST_006
PROV_CAIRN_MARCH_062,PROV_CAIRN_MARCH_063
PROV_CAIRN_MARCH_062,PROV_CAIRN_MARCH_080
PROV_CAIRN_MARCH_063,PROV_CAIRN_MARCH_064
PROV_CAIRN_MARCH_063,PROV_CAIRN_MARCH_080
PROV_CAIRN_MARCH_064,PROV_CAIRN_MARCH_065
PROV_CAIRN_MARCH_064,PROV_CAIRN_MARCH_081
PROV_CAIRN_MARCH_065,PROV_CAIRN_MARCH_066
PROV_CAIRN_MARCH_065,PROV_CAIRN_MARCH_081
PROV_CAIRN_MARCH_065,PROV_CAIRN_MARCH_082
PROV_CAIRN_MARCH_066,PROV_CAIRN_MARCH_067
PROV_CAIRN_MARCH_066,PROV_CAIRN_MARCH_082
PROV_CAIRN_MARCH_066,PROV_CAIRN_MARCH_083
PROV_CAIRN_MARCH_067,PROV_CAIRN_MARCH_068
PROV_CAIRN_MARCH_067,PROV_CAIRN_MARCH_083
PROV_CAIRN_MARCH_068,PROV_CAIRN_MARCH_069
PROV_CAIRN_MARCH_068,PROV_CAIRN_MARCH_083
PROV_CAIRN_MARCH_068,PROV_CAIRN_MARCH_084
PROV_CAIRN_MARCH_068,PROV_CAIRN_MARCH_092
PROV_CAIRN_MARCH_070,PROV_CAIRN_MARCH_071
PROV_CAIRN_MARCH_070,PROV_CAIRN_MARCH_084
PROV_CAIRN_MARCH_070,PROV_CAIRN_MARCH_085
PROV_CAIRN_MARCH_071,PROV_CAIRN_MARCH_085
PROV_CAIRN_MARCH_071,PROV_CAIRN_MARCH_086
PROV_CAIRN_MARCH_071,PROV_TALUUN_STEPPE_031
PROV_TALUUN_STEPPE_021,PROV_TALUUN_STEPPE_022
PROV_TALUUN_STEPPE_021,PROV_TALUUN_STEPPE_031
PROV_TALUUN_STEPPE_021,PROV_TALUUN_STEPPE_032
PROV_TALUUN_STEPPE_031,PROV_TALUUN_STEPPE_032
PROV_TALUUN_STEPPE_031,PROV_TALUUN_STEPPE_042
PROV_CAIRN_MARCH_073,PROV_CAIRN_MARCH_074
PROV_CAIRN_MARCH_073,PROV_MAREN_COAST_001
PROV_CAIRN_MARCH_074,PROV_CAIRN_MARCH_075
PROV_CAIRN_MARCH_074,PROV_MAREN_COAST_001
PROV_CAIRN_MARCH_075,PROV_CAIRN_MARCH_076
PROV_CAIRN_MARCH_075,PROV_MAREN_COAST_001
PROV_CAIRN_MARCH_075,PROV_MAREN_COAST_002
PROV_CAIRN_MARCH_076,PROV_CAIRN_MARCH_077
PROV_CAIRN_MARCH_076,PROV_MAREN_COAST_002
PROV_CAIRN_MARCH_076,PROV_MAREN_COAST_003
PROV_CAIRN_MARCH_077,PROV_CAIRN_MARCH_078
PROV_CAIRN_MARCH_077,PROV_MAREN_COAST_003
PROV_CAIRN_MARCH_077,PROV_MAREN_COAST_004
PROV_CAIRN_MARCH_078,PROV_MAREN_COAST_004
PROV_CAIRN_MARCH_079,PROV_CAIRN_MARCH_080
PROV_CAIRN_MARCH_079,PROV_CAIRN_MARCH_088
PROV_CAIRN_MARCH_079,PROV_MAREN_COAST_008
PROV_MAREN_COAST_006,PROV_MAREN_COAST_007
PROV_MAREN_COAST_006,PROV_MAREN_COAST_014
PROV_CAIRN_MARCH_080,PROV_CAIRN_MARCH_081
PROV_CAIRN_MARCH_080,PROV_CAIRN_MARCH_088
PROV_CAIRN_MARCH_080,PROV_CAIRN_MARCH_089
PROV_CAIRN_MARCH_081,PROV_CAIRN_MARCH_082
PROV_CAIRN_MARCH_081,PROV_CAIRN_MARCH_089
PROV_CAIRN_MARCH_081,PROV_CAIRN_MARCH_090
PROV_CAIRN_MARCH_082,PROV_CAIRN_MARCH_083
PROV_CAIRN_MARCH_082,PROV_CAIRN_MARCH_090
PROV_CAIRN_MARCH_082,PROV_CAIRN_MARCH_091
PROV_CAIRN_MARCH_082,PROV_MAREN_COAST_009
PROV_CAIRN_MARCH_083,PROV_CAIRN_MARCH_092
PROV_CAIRN_MARCH_083,PROV_CAIRN_MARCH_102
PROV_CAIRN_MARCH_083,PROV_MAREN_COAST_009
PROV_CAIRN_MARCH_084,PROV_CAIRN_MARCH_085
PROV_CAIRN_MARCH_084,PROV_CAIRN_MARCH_092
PROV_CAIRN_MARCH_084,PROV_CAIRN_MARCH_093
PROV_CAIRN_MARCH_092,PROV_CAIRN_MARCH_093
PROV_CAIRN_MARCH_092,PROV_CAIRN_MARCH_102
PROV_CAIRN_MARCH_092,PROV_CAIRN_MARCH_103
PROV_CAIRN_MARCH_085,PROV_CAIRN_MARCH_086
PROV_CAIRN_MARCH_085,PROV_CAIRN_MARCH_093
PROV_CAIRN_MARCH_085,PROV_CAIRN_MARCH_094
PROV_CAIRN_MARCH_086,PROV_CAIRN_MARCH_094
PROV_CAIRN_MARCH_086,PROV_TALUUN_STEPPE_031
PROV_CAIRN_MARCH_072,PROV_CAIRN_MARCH_097
PROV_CAIRN_MARCH_097,PROV_CAIRN_MARCH_098
PROV_CAIRN_MARCH_097,PROV_CAIRN_MARCH_109
PROV_CAIRN_MARCH_097,PROV_CAIRN_MARCH_110
PROV_MAREN_COAST_001,PROV_MAREN_COAST_002
PROV_MAREN_COAST_001,PROV_MAREN_COAST_010
PROV_MAREN_COAST_001,PROV_MAREN_COAST_011
PROV_MAREN_COAST_002,PROV_MAREN_COAST_003
PROV_MAREN_COAST_002,PROV_MAREN_COAST_011
PROV_MAREN_COAST_003,PROV_MAREN_COAST_004
PROV_MAREN_COAST_003,PROV_MAREN_COAST_011
PROV_MAREN_COAST_003,PROV_MAREN_COAST_012
PROV_MAREN_COAST_004,PROV_MAREN_COAST_012
PROV_MAREN_COAST_004,PROV_MAREN_COAST_013
PROV_CAIRN_MARCH_088,PROV_CAIRN_MARCH_089
PROV_CAIRN_MARCH_088,PROV_MAREN_COAST_008
PROV_CAIRN_MARCH_088,PROV_MAREN_COAST_016
PROV_MAREN_COAST_008,PROV_MAREN_COAST_015
PROV_MAREN_COAST_008,PROV_MAREN_COAST_016
PROV_CAIRN_MARCH_089,PROV_CAIRN_MARCH_090
PROV_CAIRN_MARCH_089,PROV_CAIRN_MARCH_099
PROV_CAIRN_MARCH_089,PROV_CAIRN_MARCH_100
PROV_CAIRN_MARCH_089,PROV_MAREN_COAST_016
PROV_CAIRN_MARCH_090,PROV_CAIRN_MARCH_091
PROV_CAIRN_MARCH_090,PROV_CAIRN_MARCH_100
PROV_CAIRN_MARCH_091,PROV_CAIRN_MARCH_100
PROV_CAIRN_MARCH_091,PROV_CAIRN_MARCH_101
PROV_CAIRN_MARCH_091,PROV_MAREN_COAST_009
PROV_CAIRN_MARCH_093,PROV_CAIRN_MARCH_094
PROV_CAIRN_MARCH_093,PROV_CAIRN_MARCH_103
PROV_CAIRN_MARCH_093,PROV_CAIRN_MARCH_104
PROV_CAIRN_MARCH_093,PROV_CAIRN_MARCH_105
PROV_CAIRN_MARCH_094,PROV_CAIRN_MARCH_105
PROV_CAIRN_MARCH_094,PROV_TALUUN_STEPPE_031
PROV_CAIRN_MARCH_094,PROV_TALUUN_STEPPE_042
PROV_CAIRN_MARCH_094,PROV_TALUUN_STEPPE_051
PROV_CAIRN_MARCH_087,PROV_CAIRN_MARCH_095
PROV_CAIRN_MARCH_087,PROV_CAIRN_MARCH_096
PROV_CAIRN_MARCH_087,PROV_CAIRN_MARCH_097
PROV_CAIRN_MARCH_095,PROV_CAIRN_MARCH_096
PROV_CAIRN_MARCH_095,PROV_CAIRN_MARCH_106
PROV_CAIRN_MARCH_095,PROV_CAIRN_MARCH_107
PROV_CAIRN_MARCH_096,PROV_CAIRN_MARCH_097
PROV_CAIRN_MARCH_096,PROV_CAIRN_MARCH_108
PROV_CAIRN_MARCH_096,PROV_CAIRN_MARCH_109
PROV_CAIRN_MARCH_105,PROV_TALUUN_STEPPE_051
PROV_CAIRN_MARCH_105,PROV_MAREN_COAST_021
PROV_CAIRN_MARCH_105,PROV_MAREN_COAST_022
PROV_CAIRN_MARCH_105,PROV_MAREN_COAST_027
PROV_TALUUN_STEPPE_042,PROV_TALUUN_STEPPE_043
PROV_TALUUN_STEPPE_042,PROV_TALUUN_STEPPE_051
PROV_TALUUN_STEPPE_042,PROV_TALUUN_STEPPE_052
PROV_TALUUN_STEPPE_042,PROV_TALUUN_STEPPE_053
PROV_CAIRN_MARCH_106,PROV_CAIRN_MARCH_107
PROV_CAIRN_MARCH_107,PROV_CAIRN_MARCH_108
PROV_CAIRN_MARCH_108,PROV_CAIRN_MARCH_109
PROV_CAIRN_MARCH_108,PROV_CAIRN_MARCH_110
PROV_CAIRN_MARCH_108,PROV_CAIRN_MARCH_118
PROV_CAIRN_MARCH_108,PROV_FENWARD_004
PROV_CAIRN_MARCH_109,PROV_CAIRN_MARCH_110
PROV_CAIRN_MARCH_098,PROV_CAIRN_MARCH_110
PROV_CAIRN_MARCH_110,PROV_CAIRN_MARCH_118
PROV_CAIRN_MARCH_104,PROV_CAIRN_MARCH_105
PROV_CAIRN_MARCH_104,PROV_MAREN_COAST_020
PROV_CAIRN_MARCH_104,PROV_MAREN_COAST_021
PROV_MAREN_COAST_022,PROV_MAREN_COAST_027
PROV_MAREN_COAST_022,PROV_MAREN_COAST_029
PROV_CAIRN_MARCH_118,PROV_CAIRN_MARCH_119
PROV_CAIRN_MARCH_118,PROV_CAIRN_MARCH_129
PROV_CAIRN_MARCH_118,PROV_FENWARD_004
PROV_FENWARD_004,PROV_FENWARD_005
PROV_FENWARD_004,PROV_FENWARD_011
PROV_FENWARD_004,PROV_FENWARD_012
PROV_CAIRN_MARCH_111,PROV_CAIRN_MARCH_112
PROV_CAIRN_MARCH_111,PROV_CAIRN_MARCH_121
PROV_CAIRN_MARCH_111,PROV_CAIRN_MARCH_122
PROV_CAIRN_MARCH_111,PROV_MAREN_COAST_017
PROV_CAIRN_MARCH_111,PROV_MAREN_COAST_018
PROV_CAIRN_MARCH_111,PROV_MAREN_COAST_024
PROV_CAIRN_MARCH_112,PROV_CAIRN_MARCH_113
PROV_CAIRN_MARCH_112,PROV_CAIRN_MARCH_122
PROV_CAIRN_MARCH_112,PROV_CAIRN_MARCH_123
PROV_CAIRN_MARCH_112,PROV_CAIRN_MARCH_124
PROV_CAIRN_MARCH_112,PROV_MAREN_COAST_010
PROV_CAIRN_MARCH_112,PROV_MAREN_COAST_011
PROV_CAIRN_MARCH_112,PROV_MAREN_COAST_018
PROV_CAIRN_MARCH_121,PROV_CAIRN_MARCH_122
PROV_CAIRN_MARCH_121,PROV_CAIRN_MARCH_131
PROV_CAIRN_MARCH_121,PROV_MAREN_COAST_024
PROV_CAIRN_MARCH_122,PROV_CAIRN_MARCH_123
PROV_CAIRN_MARCH_122,PROV_CAIRN_MARCH_131
PROV_CAIRN_MARCH_122,PROV_CAIRN_MARCH_132
PROV_CAIRN_MARCH_122,PROV_MAREN_COAST_033
PROV_MAREN_COAST_017,PROV_MAREN_COAST_018
PROV_MAREN_COAST_017,PROV_MAREN_COAST_024
PROV_CAIRN_MARCH_113,PROV_CAIRN_MARCH_114
PROV_CAIRN_MARCH_113,PROV_CAIRN_MARCH_124
PROV_CAIRN_MARCH_113,PROV_MAREN_COAST_011
PROV_CAIRN_MARCH_123,PROV_CAIRN_MARCH_124
PROV_CAIRN_MARCH_123,PROV_CAIRN_MARCH_132
PROV_CAIRN_MARCH_123,PROV_CAIRN_MARCH_133
PROV_CAIRN_MARCH_124,PROV_CAIRN_MARCH_125
PROV_CAIRN_MARCH_124,PROV_CAIRN_MARCH_133
PROV_CAIRN_MARCH_124,PROV_CAIRN_MARCH_134
PROV_MAREN_COAST_010,PROV_MAREN_COAST_011
PROV_MAREN_COAST_010,PROV_MAREN_COAST_018
PROV_MAREN_COAST_011,PROV_MAREN_COAST_012
PROV_CAIRN_MARCH_114,PROV_CAIRN_MARCH_115
PROV_CAIRN_MARCH_114,PROV_CAIRN_MARCH_124
PROV_CAIRN_MARCH_114,PROV_CAIRN_MARCH_125
PROV_CAIRN_MARCH_114,PROV_MAREN_COAST_011
PROV_CAIRN_MARCH_114,PROV_MAREN_COAST_012
PROV_CAIRN_MARCH_115,PROV_CAIRN_MARCH_116
PROV_CAIRN_MARCH_115,PROV_CAIRN_MARCH_125
PROV_CAIRN_MARCH_115,PROV_CAIRN_MARCH_126
PROV_CAIRN_MARCH_115,PROV_MAREN_COAST_012
PROV_CAIRN_MARCH_115,PROV_MAREN_COAST_019
PROV_CAIRN_MARCH_125,PROV_CAIRN_MARCH_126
PROV_CAIRN_MARCH_125,PROV_CAIRN_MARCH_134
PROV_MAREN_COAST_012,PROV_MAREN_COAST_019
PROV_CAIRN_MARCH_116,PROV_CAIRN_MARCH_117
PROV_CAIRN_MARCH_116,PROV_CAIRN_MARCH_127
PROV_CAIRN_MARCH_116,PROV_MAREN_COAST_019
PROV_CAIRN_MARCH_126,PROV_CAIRN_MARCH_127
PROV_CAIRN_MARCH_126,PROV_CAIRN_MARCH_134
PROV_CAIRN_MARCH_126,PROV_MAREN_COAST_036
PROV_CAIRN_MARCH_126,PROV_MAREN_COAST_037
PROV_CAIRN_MARCH_126,PROV_MAREN_COAST_038
PROV_CAIRN_MARCH_127,PROV_CAIRN_MARCH_128
PROV_CAIRN_MARCH_127,PROV_MAREN_COAST_038
PROV_CAIRN_MARCH_119,PROV_CAIRN_MARCH_120
PROV_CAIRN_MARCH_119,PROV_CAIRN_MARCH_129
PROV_CAIRN_MARCH_119,PROV_CAIRN_MARCH_130
PROV_CAIRN_MARCH_129,PROV_CAIRN_MARCH_130
PROV_CAIRN_MARCH_129,PROV_FENWARD_004
PROV_CAIRN_MARCH_129,PROV_FENWARD_005
PROV_CAIRN_MARCH_129,PROV_FENWARD_006
PROV_CAIRN_MARCH_120,PROV_CAIRN_MARCH_121
PROV_CAIRN_MARCH_120,PROV_CAIRN_MARCH_130
PROV_CAIRN_MARCH_120,PROV_CAIRN_MARCH_131
PROV_CAIRN_MARCH_120,PROV_MAREN_COAST_017
PROV_CAIRN_MARCH_120,PROV_MAREN_COAST_024
PROV_CAIRN_MARCH_120,PROV_FENWARD_007
PROV_CAIRN_MARCH_130,PROV_FENWARD_006
PROV_CAIRN_MARCH_130,PROV_FENWARD_007
PROV_CAIRN_MARCH_131,PROV_MAREN_COAST_033
PROV_CAIRN_MARCH_131,PROV_MAREN_COAST_044
PROV_CAIRN_MARCH_131,PROV_MAREN_COAST_045
PROV_CAIRN_MARCH_131,PROV_FENWARD_007
PROV_FENWARD_007,PROV_FENWARD_014
PROV_CAIRN_MARCH_132,PROV_CAIRN_MARCH_133
PROV_CAIRN_MARCH_132,PROV_MAREN_COAST_033
PROV_CAIRN_MARCH_132,PROV_MAREN_COAST_034
PROV_MAREN_COAST_033,PROV_MAREN_COAST_034
PROV_MAREN_COAST_033,PROV_MAREN_COAST_045
PROV_CAIRN_MARCH_133,PROV_CAIRN_MARCH_134
PROV_CAIRN_MARCH_133,PROV_MAREN_COAST_034
PROV_CAIRN_MARCH_133,PROV_MAREN_COAST_035
PROV_CAIRN_MARCH_133,PROV_MAREN_COAST_046
PROV_CAIRN_MARCH_134,PROV_MAREN_COAST_035
PROV_CAIRN_MARCH_134,PROV_MAREN_COAST_036
PROV_MAREN_COAST_036,PROV_MAREN_COAST_037
PROV_MAREN_COAST_036,PROV_MAREN_COAST_047
PROV_MAREN_COAST_037,PROV_MAREN_COAST_038
PROV_MAREN_COAST_037,PROV_MAREN_COAST_048
PROV_MAREN_COAST_038,PROV_MAREN_COAST_039
PROV_MAREN_COAST_038,PROV_MAREN_COAST_048
PROV_FENWARD_005,PROV_FENWARD_006
PROV_FENWARD_005,PROV_FENWARD_012
PROV_FENWARD_005,PROV_FENWARD_013
PROV_FENWARD_006,PROV_FENWARD_007
PROV_FENWARD_006,PROV_FENWARD_013
PROV_FENWARD_006,PROV_FENWARD_014
PROV_MAREN_COAST_044,PROV_MAREN_COAST_045
PROV_MAREN_COAST_044,PROV_FENWARD_007
PROV_MAREN_COAST_045,PROV_MAREN_COAST_053
PROV_MAREN_COAST_034,PROV_MAREN_COAST_046
PROV_MAREN_COAST_034,PROV_MAREN_COAST_053
PROV_MAREN_COAST_034,PROV_MAREN_COAST_054
PROV_MAREN_COAST_035,PROV_MAREN_COAST_036
PROV_MAREN_COAST_035,PROV_MAREN_COAST_046
PROV_MAREN_COAST_035,PROV_MAREN_COAST_047
PROV_MAREN_COAST_046,PROV_MAREN_COAST_047
PROV_TALUUN_STEPPE_001,PROV_TALUUN_STEPPE_009
PROV_TALUUN_STEPPE_001,PROV_TALUUN_STEPPE_010
PROV_TALUUN_STEPPE_001,PROV_TALUUN_STEPPE_011
PROV_TALUUN_STEPPE_001,PROV_TALUUN_STEPPE_111
PROV_TALUUN_STEPPE_002,PROV_TALUUN_STEPPE_003
PROV_TALUUN_STEPPE_002,PROV_TALUUN_STEPPE_005
PROV_TALUUN_STEPPE_002,PROV_TALUUN_STEPPE_014
PROV_TALUUN_STEPPE_003,PROV_TALUUN_STEPPE_006
PROV_TALUUN_STEPPE_003,PROV_TALUUN_STEPPE_014
PROV_TALUUN_STEPPE_003,PROV_TALUUN_STEPPE_015
PROV_TALUUN_STEPPE_005,PROV_TALUUN_STEPPE_012
PROV_TALUUN_STEPPE_005,PROV_TALUUN_STEPPE_013
PROV_TALUUN_STEPPE_005,PROV_TALUUN_STEPPE_014
PROV_TALUUN_STEPPE_014,PROV_TALUUN_STEPPE_015
PROV_TALUUN_STEPPE_014,PROV_TALUUN_STEPPE_023
PROV_TALUUN_STEPPE_014,PROV_TALUUN_STEPPE_024
PROV_TALUUN_STEPPE_006,PROV_TALUUN_STEPPE_015
PROV_TALUUN_STEPPE_006,PROV_TALUUN_STEPPE_016
PROV_TALUUN_STEPPE_015,PROV_TALUUN_STEPPE_016
PROV_TALUUN_STEPPE_015,PROV_TALUUN_STEPPE_024
PROV_TALUUN_STEPPE_015,PROV_TALUUN_STEPPE_025
PROV_TALUUN_STEPPE_004,PROV_TALUUN_STEPPE_007
PROV_TALUUN_STEPPE_004,PROV_TALUUN_STEPPE_008
PROV_TALUUN_STEPPE_004,PROV_TALUUN_STEPPE_112
PROV_TALUUN_STEPPE_007,PROV_TALUUN_STEPPE_008
PROV_TALUUN_STEPPE_007,PROV_TALUUN_STEPPE_019
PROV_TALUUN_STEPPE_007,PROV_TALUUN_STEPPE_112
PROV_TALUUN_STEPPE_008,PROV_TALUUN_STEPPE_019
PROV_TALUUN_STEPPE_008,PROV_TALUUN_STEPPE_020
PROV_TALUUN_STEPPE_016,PROV_TALUUN_STEPPE_017
PROV_TALUUN_STEPPE_016,PROV_TALUUN_STEPPE_025
PROV_TALUUN_STEPPE_016,PROV_TALUUN_STEPPE_026
PROV_TALUUN_STEPPE_016,PROV_TALUUN_STEPPE_027
PROV_TALUUN_STEPPE_016,PROV_TALUUN_STEPPE_028
PROV_TALUUN_STEPPE_019,PROV_TALUUN_STEPPE_020
PROV_TALUUN_STEPPE_019,PROV_TALUUN_STEPPE_030
PROV_TALUUN_STEPPE_020,PROV_TALUUN_STEPPE_030
PROV_TALUUN_STEPPE_024,PROV_TALUUN_STEPPE_025
PROV_TALUUN_STEPPE_024,PROV_TALUUN_STEPPE_034
PROV_TALUUN_STEPPE_024,PROV_TALUUN_STEPPE_035
PROV_TALUUN_STEPPE_024,PROV_TALUUN_STEPPE_036
PROV_TALUUN_STEPPE_025,PROV_TALUUN_STEPPE_026
PROV_TALUUN_STEPPE_025,PROV_TALUUN_STEPPE_036
PROV_TALUUN_STEPPE_017,PROV_TALUUN_STEPPE_018
PROV_TALUUN_STEPPE_017,PROV_TALUUN_STEPPE_028
PROV_TALUUN_STEPPE_017,PROV_TALUUN_STEPPE_029
PROV_TALUUN_STEPPE_017,PROV_TALUUN_STEPPE_112
PROV_TALUUN_STEPPE_026,PROV_TALUUN_STEPPE_027
PROV_TALUUN_STEPPE_026,PROV_TALUUN_STEPPE_036
PROV_TALUUN_STEPPE_026,PROV_TALUUN_STEPPE_037
PROV_TALUUN_STEPPE_027,PROV_TALUUN_STEPPE_028
PROV_TALUUN_STEPPE_027,PROV_TALUUN_STEPPE_037
PROV_TALUUN_STEPPE_027,PROV_TALUUN_STEPPE_038
PROV_TALUUN_STEPPE_028,PROV_TALUUN_STEPPE_029
PROV_TALUUN_STEPPE_028,PROV_TALUUN_STEPPE_038
PROV_TALUUN_STEPPE_028,PROV_TALUUN_STEPPE_039
PROV_TALUUN_STEPPE_018,PROV_TALUUN_STEPPE_019
PROV_TALUUN_STEPPE_018,PROV_TALUUN_STEPPE_029
PROV_TALUUN_STEPPE_018,PROV_TALUUN_STEPPE_030
PROV_TALUUN_STEPPE_029,PROV_TALUUN_STEPPE_030
PROV_TALUUN_STEPPE_029,PROV_TALUUN_STEPPE_039
PROV_TALUUN_STEPPE_029,PROV_TALUUN_STEPPE_040
PROV_TALUUN_STEPPE_030,PROV_TALUUN_STEPPE_040
PROV_TALUUN_STEPPE_030,PROV_TALUUN_STEPPE_041
PROV_TALUUN_STEPPE_030,PROV_TALUUN_STEPPE_050
PROV_TALUUN_STEPPE_032,PROV_TALUUN_STEPPE_033
PROV_TALUUN_STEPPE_032,PROV_TALUUN_STEPPE_042
PROV_TALUUN_STEPPE_032,PROV_TALUUN_STEPPE_043
PROV_TALUUN_STEPPE_035,PROV_TALUUN_STEPPE_036
PROV_TALUUN_STEPPE_035,PROV_TALUUN_STEPPE_044
PROV_TALUUN_STEPPE_035,PROV_TALUUN_STEPPE_045
PROV_TALUUN_STEPPE_036,PROV_TALUUN_STEPPE_037
PROV_TALUUN_STEPPE_036,PROV_TALUUN_STEPPE_045
PROV_TALUUN_STEPPE_038,PROV_TALUUN_STEPPE_039
PROV_TALUUN_STEPPE_038,PROV_TALUUN_STEPPE_046
PROV_TALUUN_STEPPE_038,PROV_TALUUN_STEPPE_047
PROV_TALUUN_STEPPE_039,PROV_TALUUN_STEPPE_040
PROV_TALUUN_STEPPE_039,PROV_TALUUN_STEPPE_047
PROV_TALUUN_STEPPE_039,PROV_TALUUN_STEPPE_048
PROV_TALUUN_STEPPE_040,PROV_TALUUN_STEPPE_041
PROV_TALUUN_STEPPE_040,PROV_TALUUN_STEPPE_048
PROV_TALUUN_STEPPE_040,PROV_TALUUN_STEPPE_049
PROV_TALUUN_STEPPE_041,PROV_TALUUN_STEPPE_049
PROV_TALUUN_STEPPE_041,PROV_TALUUN_STEPPE_050
PROV_TALUUN_STEPPE_050,PROV_TALUUN_STEPPE_058
PROV_TALUUN_STEPPE_049,PROV_TALUUN_STEPPE_050
PROV_TALUUN_STEPPE_049,PROV_TALUUN_STEPPE_057
PROV_TALUUN_STEPPE_049,PROV_TALUUN_STEPPE_058
PROV_MAREN_COAST_029,PROV_MAREN_COAST_030
PROV_MAREN_COAST_029,PROV_MAREN_COAST_032
PROV_TALUUN_STEPPE_064,PROV_TALUUN_STEPPE_065
PROV_TALUUN_STEPPE_064,PROV_TALUUN_STEPPE_070
PROV_TALUUN_STEPPE_087,PROV_TALUUN_STEPPE_088
PROV_TALUUN_STEPPE_087,PROV_TALUUN_STEPPE_103
PROV_TALUUN_STEPPE_090,PROV_TALUUN_STEPPE_091
PROV_TALUUN_STEPPE_090,PROV_TALUUN_STEPPE_097
PROV_TALUUN_STEPPE_091,PROV_TALUUN_STEPPE_092
PROV_TALUUN_STEPPE_091,PROV_TALUUN_STEPPE_098
PROV_TALUUN_STEPPE_097,PROV_TALUUN_STEPPE_104
PROV_TALUUN_STEPPE_098,PROV_TALUUN_STEPPE_099
PROV_TALUUN_STEPPE_098,PROV_TALUUN_STEPPE_104
PROV_TALUUN_STEPPE_108,PROV_TALUUN_STEPPE_115
PROV_TALUUN_STEPPE_109,PROV_TALUUN_STEPPE_110
PROV_QERESH_WELLS_001,PROV_QERESH_WELLS_002
PROV_QERESH_WELLS_001,PROV_QERESH_WELLS_017
PROV_QERESH_WELLS_001,PROV_QERESH_WELLS_018
PROV_QERESH_WELLS_001,PROV_FENWARD_023
PROV_QERESH_WELLS_002,PROV_QERESH_WELLS_003
PROV_QERESH_WELLS_002,PROV_QERESH_WELLS_018
PROV_QERESH_WELLS_002,PROV_QERESH_WELLS_019
PROV_QERESH_WELLS_002,PROV_FENWARD_020
PROV_QERESH_WELLS_002,PROV_FENWARD_023
PROV_QERESH_WELLS_002,PROV_BANNERFIELDS_009
PROV_QERESH_WELLS_017,PROV_QERESH_WELLS_018
PROV_QERESH_WELLS_017,PROV_QERESH_WELLS_033
PROV_QERESH_WELLS_017,PROV_QERESH_WELLS_034
PROV_QERESH_WELLS_018,PROV_QERESH_WELLS_019
PROV_QERESH_WELLS_018,PROV_QERESH_WELLS_034
PROV_QERESH_WELLS_018,PROV_QERESH_WELLS_035
PROV_QERESH_WELLS_003,PROV_QERESH_WELLS_004
PROV_QERESH_WELLS_003,PROV_QERESH_WELLS_019
PROV_QERESH_WELLS_003,PROV_QERESH_WELLS_020
PROV_QERESH_WELLS_003,PROV_BANNERFIELDS_009
PROV_QERESH_WELLS_019,PROV_QERESH_WELLS_020
PROV_QERESH_WELLS_019,PROV_QERESH_WELLS_035
PROV_QERESH_WELLS_019,PROV_QERESH_WELLS_036
PROV_FENWARD_020,PROV_FENWARD_021
PROV_FENWARD_020,PROV_FENWARD_023
PROV_FENWARD_020,PROV_BANNERFIELDS_002
PROV_FENWARD_020,PROV_BANNERFIELDS_009
PROV_BANNERFIELDS_009,PROV_BANNERFIELDS_010
PROV_QERESH_WELLS_004,PROV_QERESH_WELLS_020
PROV_QERESH_WELLS_004,PROV_QERESH_WELLS_021
PROV_QERESH_WELLS_004,PROV_BANNERFIELDS_009
PROV_QERESH_WELLS_004,PROV_BANNERFIELDS_010
PROV_QERESH_WELLS_004,PROV_BANNERFIELDS_011
PROV_QERESH_WELLS_020,PROV_QERESH_WELLS_021
PROV_QERESH_WELLS_020,PROV_QERESH_WELLS_036
PROV_QERESH_WELLS_020,PROV_QERESH_WELLS_037
PROV_QERESH_WELLS_021,PROV_QERESH_WELLS_022
PROV_QERESH_WELLS_021,PROV_QERESH_WELLS_037
PROV_QERESH_WELLS_021,PROV_BANNERFIELDS_011
PROV_BANNERFIELDS_010,PROV_BANNERFIELDS_011
PROV_QERESH_WELLS_005,PROV_QERESH_WELLS_006
PROV_QERESH_WELLS_005,PROV_QERESH_WELLS_021
PROV_QERESH_WELLS_005,PROV_QERESH_WELLS_022
PROV_QERESH_WELLS_005,PROV_QERESH_WELLS_023
PROV_QERESH_WELLS_005,PROV_BANNERFIELDS_011
PROV_QERESH_WELLS_006,PROV_QERESH_WELLS_007
PROV_QERESH_WELLS_006,PROV_QERESH_WELLS_023
PROV_QERESH_WELLS_006,PROV_BANNERFIELDS_006
PROV_QERESH_WELLS_006,PROV_BANNERFIELDS_011
PROV_QERESH_WELLS_022,PROV_QERESH_WELLS_023
PROV_QERESH_WELLS_022,PROV_QERESH_WELLS_037
PROV_QERESH_WELLS_022,PROV_QERESH_WELLS_038
PROV_QERESH_WELLS_023,PROV_QERESH_WELLS_024
PROV_QERESH_WELLS_023,PROV_QERESH_WELLS_038
PROV_QERESH_WELLS_023,PROV_QERESH_WELLS_039
PROV_QERESH_WELLS_007,PROV_QERESH_WELLS_008
PROV_QERESH_WELLS_007,PROV_QERESH_WELLS_023
PROV_QERESH_WELLS_007,PROV_QERESH_WELLS_024
PROV_QERESH_WELLS_007,PROV_BANNERFIELDS_006
PROV_QERESH_WELLS_007,PROV_BANNERFIELDS_007
PROV_QERESH_WELLS_007,PROV_BANNERFIELDS_008
PROV_QERESH_WELLS_007,PROV_BANNERFIELDS_012
PROV_BANNERFIELDS_006,PROV_BANNERFIELDS_007
PROV_BANNERFIELDS_006,PROV_BANNERFIELDS_011
PROV_QERESH_WELLS_008,PROV_QERESH_WELLS_009
PROV_QERESH_WELLS_008,PROV_QERESH_WELLS_024
PROV_QERESH_WELLS_008,PROV_QERESH_WELLS_025
PROV_QERESH_WELLS_008,PROV_BANNERFIELDS_012
PROV_QERESH_WELLS_024,PROV_QERESH_WELLS_025
PROV_QERESH_WELLS_024,PROV_QERESH_WELLS_039
PROV_QERESH_WELLS_024,PROV_QERESH_WELLS_040
PROV_QERESH_WELLS_024,PROV_QERESH_WELLS_041
PROV_BANNERFIELDS_007,PROV_BANNERFIELDS_008
PROV_BANNERFIELDS_008,PROV_BANNERFIELDS_012
PROV_QERESH_WELLS_009,PROV_QERESH_WELLS_010
PROV_QERESH_WELLS_009,PROV_QERESH_WELLS_025
PROV_QERESH_WELLS_009,PROV_QERESH_WELLS_026
PROV_QERESH_WELLS_009,PROV_QERESH_WELLS_027
PROV_QERESH_WELLS_009,PROV_MAREN_COAST_076
PROV_QERESH_WELLS_009,PROV_BANNERFIELDS_012
PROV_QERESH_WELLS_025,PROV_QERESH_WELLS_026
PROV_QERESH_WELLS_025,PROV_QERESH_WELLS_041
PROV_QERESH_WELLS_010,PROV_QERESH_WELLS_011
PROV_QERESH_WELLS_010,PROV_QERESH_WELLS_027
PROV_QERESH_WELLS_010,PROV_MAREN_COAST_076
PROV_QERESH_WELLS_010,PROV_FENWARD_024
PROV_QERESH_WELLS_026,PROV_QERESH_WELLS_027
PROV_QERESH_WELLS_026,PROV_QERESH_WELLS_041
PROV_QERESH_WELLS_026,PROV_QERESH_WELLS_042
PROV_QERESH_WELLS_026,PROV_QERESH_WELLS_043
PROV_QERESH_WELLS_027,PROV_QERESH_WELLS_028
PROV_QERESH_WELLS_027,PROV_QERESH_WELLS_043
PROV_QERESH_WELLS_027,PROV_QERESH_WELLS_044
PROV_MAREN_COAST_076,PROV_FENWARD_024
PROV_MAREN_COAST_076,PROV_BANNERFIELDS_012
PROV_QERESH_WELLS_011,PROV_QERESH_WELLS_012
PROV_QERESH_WELLS_011,PROV_QERESH_WELLS_027
PROV_QERESH_WELLS_011,PROV_QERESH_WELLS_028
PROV_QERESH_WELLS_011,PROV_MAREN_COAST_084
PROV_QERESH_WELLS_011,PROV_FENWARD_024
PROV_QERESH_WELLS_028,PROV_QERESH_WELLS_029
PROV_QERESH_WELLS_028,PROV_QERESH_WELLS_044
PROV_QERESH_WELLS_029,PROV_QERESH_WELLS_030
PROV_QERESH_WELLS_029,PROV_QERESH_WELLS_044
PROV_QERESH_WELLS_029,PROV_QERESH_WELLS_045
PROV_QERESH_WELLS_030,PROV_QERESH_WELLS_031
PROV_QERESH_WELLS_030,PROV_QERESH_WELLS_045
PROV_QERESH_WELLS_030,PROV_QERESH_WELLS_046
PROV_QERESH_WELLS_030,PROV_QERESH_WELLS_047
PROV_MAREN_COAST_086,PROV_MAREN_COAST_087
PROV_MAREN_COAST_086,PROV_MAREN_COAST_090
PROV_MAREN_COAST_090,PROV_MAREN_COAST_093
PROV_QERESH_WELLS_033,PROV_QERESH_WELLS_034
PROV_QERESH_WELLS_033,PROV_QERESH_WELLS_054
PROV_QERESH_WELLS_034,PROV_QERESH_WELLS_035
PROV_QERESH_WELLS_034,PROV_QERESH_WELLS_054
PROV_QERESH_WELLS_035,PROV_QERESH_WELLS_036
PROV_QERESH_WELLS_035,PROV_QERESH_WELLS_054
PROV_QERESH_WELLS_036,PROV_QERESH_WELLS_037
PROV_QERESH_WELLS_036,PROV_QERESH_WELLS_054
PROV_QERESH_WELLS_036,PROV_QERESH_WELLS_055
PROV_QERESH_WELLS_036,PROV_QERESH_WELLS_056
PROV_QERESH_WELLS_037,PROV_QERESH_WELLS_038
PROV_QERESH_WELLS_037,PROV_QERESH_WELLS_056
PROV_QERESH_WELLS_038,PROV_QERESH_WELLS_039
PROV_QERESH_WELLS_038,PROV_QERESH_WELLS_056
PROV_QERESH_WELLS_038,PROV_QERESH_WELLS_057
PROV_QERESH_WELLS_039,PROV_QERESH_WELLS_040
PROV_QERESH_WELLS_039,PROV_QERESH_WELLS_057
PROV_QERESH_WELLS_040,PROV_QERESH_WELLS_041
PROV_QERESH_WELLS_040,PROV_QERESH_WELLS_057
PROV_QERESH_WELLS_040,PROV_QERESH_WELLS_058
PROV_QERESH_WELLS_041,PROV_QERESH_WELLS_042
PROV_QERESH_WELLS_041,PROV_QERESH_WELLS_058
PROV_QERESH_WELLS_042,PROV_QERESH_WELLS_043
PROV_QERESH_WELLS_042,PROV_QERESH_WELLS_058
PROV_QERESH_WELLS_042,PROV_QERESH_WELLS_059
PROV_QERESH_WELLS_042,PROV_QERESH_WELLS_060
PROV_QERESH_WELLS_043,PROV_QERESH_WELLS_044
PROV_QERESH_WELLS_043,PROV_QERESH_WELLS_060
PROV_QERESH_WELLS_044,PROV_QERESH_WELLS_045
PROV_QERESH_WELLS_044,PROV_QERESH_WELLS_060
PROV_QERESH_WELLS_044,PROV_QERESH_WELLS_061
PROV_QERESH_WELLS_044,PROV_QERESH_WELLS_062
PROV_QERESH_WELLS_045,PROV_QERESH_WELLS_046
PROV_QERESH_WELLS_045,PROV_QERESH_WELLS_062
PROV_QERESH_WELLS_046,PROV_QERESH_WELLS_047
PROV_QERESH_WELLS_046,PROV_QERESH_WELLS_062
PROV_QERESH_WELLS_046,PROV_QERESH_WELLS_063
PROV_QERESH_WELLS_046,PROV_QERESH_WELLS_064
PROV_QERESH_WELLS_054,PROV_QERESH_WELLS_055
PROV_QERESH_WELLS_055,PROV_QERESH_WELLS_056
PROV_QERESH_WELLS_056,PROV_QERESH_WELLS_057
PROV_QERESH_WELLS_058,PROV_QERESH_WELLS_059
PROV_QERESH_WELLS_059,PROV_QERESH_WELLS_060
PROV_QERESH_WELLS_059,PROV_QERESH_WELLS_067
PROV_QERESH_WELLS_059,PROV_QERESH_WELLS_076
PROV_QERESH_WELLS_059,PROV_QERESH_WELLS_077
PROV_QERESH_WELLS_060,PROV_QERESH_WELLS_061
PROV_QERESH_WELLS_060,PROV_QERESH_WELLS_067
PROV_QERESH_WELLS_061,PROV_QERESH_WELLS_062
PROV_QERESH_WELLS_061,PROV_QERESH_WELLS_067
PROV_QERESH_WELLS_061,PROV_QERESH_WELLS_068
PROV_QERESH_WELLS_061,PROV_QERESH_WELLS_069
PROV_QERESH_WELLS_062,PROV_QERESH_WELLS_063
PROV_QERESH_WELLS_062,PROV_QERESH_WELLS_069
PROV_QERESH_WELLS_063,PROV_QERESH_WELLS_064
PROV_QERESH_WELLS_063,PROV_QERESH_WELLS_069
PROV_QERESH_WELLS_063,PROV_QERESH_WELLS_070
PROV_QERESH_WELLS_064,PROV_QERESH_WELLS_065
PROV_QERESH_WELLS_064,PROV_QERESH_WELLS_070
PROV_QERESH_WELLS_064,PROV_QERESH_WELLS_071
PROV_QERESH_WELLS_067,PROV_QERESH_WELLS_068
PROV_QERESH_WELLS_067,PROV_QERESH_WELLS_077
PROV_QERESH_WELLS_067,PROV_QERESH_WELLS_078
PROV_QERESH_WELLS_076,PROV_QERESH_WELLS_077
PROV_QERESH_WELLS_076,PROV_QERESH_WELLS_086
PROV_QERESH_WELLS_068,PROV_QERESH_WELLS_069
PROV_QERESH_WELLS_068,PROV_QERESH_WELLS_078
PROV_QERESH_WELLS_068,PROV_QERESH_WELLS_079
PROV_QERESH_WELLS_069,PROV_QERESH_WELLS_070
PROV_QERESH_WELLS_069,PROV_QERESH_WELLS_079
PROV_QERESH_WELLS_070,PROV_QERESH_WELLS_071
PROV_QERESH_WELLS_070,PROV_QERESH_WELLS_079
PROV_QERESH_WELLS_070,PROV_QERESH_WELLS_080
PROV_QERESH_WELLS_070,PROV_QERESH_WELLS_081
PROV_QERESH_WELLS_071,PROV_QERESH_WELLS_072
PROV_QERESH_WELLS_071,PROV_QERESH_WELLS_081
PROV_QERESH_WELLS_072,PROV_QERESH_WELLS_073
PROV_QERESH_WELLS_072,PROV_QERESH_WELLS_081
PROV_QERESH_WELLS_072,PROV_QERESH_WELLS_082
PROV_QERESH_WELLS_077,PROV_QERESH_WELLS_078
PROV_QERESH_WELLS_077,PROV_QERESH_WELLS_086
PROV_QERESH_WELLS_078,PROV_QERESH_WELLS_079
PROV_QERESH_WELLS_078,PROV_QERESH_WELLS_086
PROV_QERESH_WELLS_078,PROV_QERESH_WELLS_087
PROV_QERESH_WELLS_078,PROV_QERESH_WELLS_088
PROV_QERESH_WELLS_079,PROV_QERESH_WELLS_080
PROV_QERESH_WELLS_079,PROV_QERESH_WELLS_088
PROV_QERESH_WELLS_079,PROV_QERESH_WELLS_089
PROV_QERESH_WELLS_080,PROV_QERESH_WELLS_081
PROV_QERESH_WELLS_080,PROV_QERESH_WELLS_089
PROV_QERESH_WELLS_080,PROV_QERESH_WELLS_090
PROV_QERESH_WELLS_081,PROV_QERESH_WELLS_082
PROV_QERESH_WELLS_081,PROV_QERESH_WELLS_090
PROV_QERESH_WELLS_082,PROV_QERESH_WELLS_083
PROV_QERESH_WELLS_082,PROV_QERESH_WELLS_090
PROV_QERESH_WELLS_082,PROV_QERESH_WELLS_091
PROV_QERESH_WELLS_083,PROV_QERESH_WELLS_084
PROV_QERESH_WELLS_083,PROV_QERESH_WELLS_091
PROV_QERESH_WELLS_083,PROV_QERESH_WELLS_092
PROV_QERESH_WELLS_083,PROV_QERESH_WELLS_093
PROV_QERESH_WELLS_105,PROV_QERESH_WELLS_114
PROV_QERESH_WELLS_086,PROV_QERESH_WELLS_087
PROV_QERESH_WELLS_086,PROV_QERESH_WELLS_096
PROV_QERESH_WELLS_086,PROV_QERESH_WELLS_097
PROV_QERESH_WELLS_087,PROV_QERESH_WELLS_088
PROV_QERESH_WELLS_087,PROV_QERESH_WELLS_097
PROV_QERESH_WELLS_088,PROV_QERESH_WELLS_089
PROV_QERESH_WELLS_088,PROV_QERESH_WELLS_097
PROV_QERESH_WELLS_088,PROV_QERESH_WELLS_098
PROV_QERESH_WELLS_088,PROV_QERESH_WELLS_099
PROV_QERESH_WELLS_089,PROV_QERESH_WELLS_090
PROV_QERESH_WELLS_089,PROV_QERESH_WELLS_099
PROV_QERESH_WELLS_090,PROV_QERESH_WELLS_091
PROV_QERESH_WELLS_090,PROV_QERESH_WELLS_099
PROV_QERESH_WELLS_090,PROV_QERESH_WELLS_100
PROV_QERESH_WELLS_091,PROV_QERESH_WELLS_092
PROV_QERESH_WELLS_091,PROV_QERESH_WELLS_100
PROV_QERESH_WELLS_091,PROV_QERESH_WELLS_101
PROV_QERESH_WELLS_092,PROV_QERESH_WELLS_093
PROV_QERESH_WELLS_092,PROV_QERESH_WELLS_101
PROV_QERESH_WELLS_092,PROV_QERESH_WELLS_102
PROV_QERESH_WELLS_092,PROV_QERESH_WELLS_103
PROV_QERESH_WELLS_093,PROV_QERESH_WELLS_094
PROV_QERESH_WELLS_093,PROV_QERESH_WELLS_103
PROV_QERESH_WELLS_094,PROV_QERESH_WELLS_103
PROV_QERESH_WELLS_094,PROV_QERESH_WELLS_104
PROV_QERESH_WELLS_096,PROV_QERESH_WELLS_097
PROV_QERESH_WELLS_096,PROV_QERESH_WELLS_106
PROV_QERESH_WELLS_097,PROV_QERESH_WELLS_098
PROV_QERESH_WELLS_097,PROV_QERESH_WELLS_106
PROV_QERESH_WELLS_097,PROV_QERESH_WELLS_107
PROV_QERESH_WELLS_098,PROV_QERESH_WELLS_099
PROV_QERESH_WELLS_098,PROV_QERESH_WELLS_107
PROV_QERESH_WELLS_098,PROV_QERESH_WELLS_108
PROV_QERESH_WELLS_099,PROV_QERESH_WELLS_100
PROV_QERESH_WELLS_099,PROV_QERESH_WELLS_108
PROV_QERESH_WELLS_099,PROV_QERESH_WELLS_109
PROV_QERESH_WELLS_100,PROV_QERESH_WELLS_101
PROV_QERESH_WELLS_100,PROV_QERESH_WELLS_109
PROV_QERESH_WELLS_100,PROV_QERESH_WELLS_110
PROV_QERESH_WELLS_100,PROV_QERESH_WELLS_111
PROV_QERESH_WELLS_101,PROV_QERESH_WELLS_102
PROV_QERESH_WELLS_101,PROV_QERESH_WELLS_111
PROV_QERESH_WELLS_102,PROV_QERESH_WELLS_103
PROV_QERESH_WELLS_102,PROV_QERESH_WELLS_111
PROV_QERESH_WELLS_102,PROV_QERESH_WELLS_112
PROV_QERESH_WELLS_103,PROV_QERESH_WELLS_104
PROV_QERESH_WELLS_095,PROV_QERESH_WELLS_096
PROV_QERESH_WELLS_106,PROV_QERESH_WELLS_107
PROV_QERESH_WELLS_106,PROV_QERESH_WELLS_115
PROV_QERESH_WELLS_107,PROV_QERESH_WELLS_108
PROV_QERESH_WELLS_107,PROV_QERESH_WELLS_115
PROV_QERESH_WELLS_107,PROV_QERESH_WELLS_116
PROV_QERESH_WELLS_108,PROV_QERESH_WELLS_109
PROV_QERESH_WELLS_108,PROV_QERESH_WELLS_116
PROV_QERESH_WELLS_108,PROV_QERESH_WELLS_117
PROV_QERESH_WELLS_108,PROV_QERESH_WELLS_118
PROV_QERESH_WELLS_109,PROV_QERESH_WELLS_110
PROV_QERESH_WELLS_109,PROV_QERESH_WELLS_118
PROV_QERESH_WELLS_110,PROV_QERESH_WELLS_111
PROV_QERESH_WELLS_110,PROV_QERESH_WELLS_118
PROV_QERESH_WELLS_110,PROV_QERESH_WELLS_119
PROV_QERESH_WELLS_111,PROV_QERESH_WELLS_112
PROV_QERESH_WELLS_111,PROV_QERESH_WELLS_119
PROV_QERESH_WELLS_111,PROV_QERESH_WELLS_120
PROV_QERESH_WELLS_112,PROV_QERESH_WELLS_120
PROV_QERESH_WELLS_115,PROV_QERESH_WELLS_116
PROV_QERESH_WELLS_116,PROV_QERESH_WELLS_117
PROV_QERESH_WELLS_116,PROV_QERESH_WELLS_121
PROV_QERESH_WELLS_117,PROV_QERESH_WELLS_118
PROV_QERESH_WELLS_117,PROV_QERESH_WELLS_121
PROV_QERESH_WELLS_118,PROV_QERESH_WELLS_119
PROV_QERESH_WELLS_118,PROV_QERESH_WELLS_121
PROV_QERESH_WELLS_118,PROV_QERESH_WELLS_122
PROV_QERESH_WELLS_119,PROV_QERESH_WELLS_120
PROV_QERESH_WELLS_119,PROV_QERESH_WELLS_122
PROV_QERESH_WELLS_119,PROV_QERESH_WELLS_123
PROV_QERESH_WELLS_113,PROV_QERESH_WELLS_114
PROV_QERESH_WELLS_121,PROV_QERESH_WELLS_122
PROV_QERESH_WELLS_122,PROV_QERESH_WELLS_123
PROV_MAREN_COAST_005,PROV_MAREN_COAST_006
PROV_MAREN_COAST_005,PROV_MAREN_COAST_014
PROV_MAREN_COAST_047,PROV_MAREN_COAST_055
PROV_MAREN_COAST_048,PROV_MAREN_COAST_049
PROV_MAREN_COAST_048,PROV_MAREN_COAST_056
PROV_MAREN_COAST_048,PROV_MAREN_COAST_068
PROV_MAREN_COAST_052,PROV_MAREN_COAST_059
PROV_MAREN_COAST_052,PROV_MAREN_COAST_060
PROV_MAREN_COAST_053,PROV_MAREN_COAST_054
PROV_MAREN_COAST_055,PROV_MAREN_COAST_056
PROV_MAREN_COAST_056,PROV_MAREN_COAST_067
PROV_MAREN_COAST_056,PROV_MAREN_COAST_068
PROV_MAREN_COAST_059,PROV_MAREN_COAST_060
PROV_MAREN_COAST_059,PROV_MAREN_COAST_069
PROV_MAREN_COAST_060,PROV_MAREN_COAST_061
PROV_MAREN_COAST_060,PROV_MAREN_COAST_098
PROV_MAREN_COAST_069,PROV_MAREN_COAST_098
PROV_MAREN_COAST_061,PROV_MAREN_COAST_062
PROV_MAREN_COAST_061,PROV_MAREN_COAST_098
PROV_MAREN_COAST_062,PROV_MAREN_COAST_063
PROV_MAREN_COAST_062,PROV_MAREN_COAST_070
PROV_MAREN_COAST_063,PROV_MAREN_COAST_064
PROV_MAREN_COAST_063,PROV_MAREN_COAST_070
PROV_MAREN_COAST_065,PROV_MAREN_COAST_072
PROV_MAREN_COAST_065,PROV_MAREN_COAST_073
PROV_MAREN_COAST_065,PROV_FENWARD_019
PROV_MAREN_COAST_072,PROV_MAREN_COAST_073
PROV_MAREN_COAST_072,PROV_FENWARD_019
PROV_MAREN_COAST_072,PROV_FENWARD_022
PROV_MAREN_COAST_072,PROV_BANNERFIELDS_007
PROV_MAREN_COAST_072,PROV_BANNERFIELDS_008
PROV_MAREN_COAST_073,PROV_MAREN_COAST_074
PROV_MAREN_COAST_073,PROV_MAREN_COAST_075
PROV_MAREN_COAST_073,PROV_BANNERFIELDS_008
PROV_FENWARD_019,PROV_FENWARD_022
PROV_MAREN_COAST_066,PROV_MAREN_COAST_067
PROV_MAREN_COAST_066,PROV_MAREN_COAST_074
PROV_MAREN_COAST_067,PROV_MAREN_COAST_068
PROV_MAREN_COAST_074,PROV_MAREN_COAST_075
PROV_FENWARD_022,PROV_BANNERFIELDS_005
PROV_FENWARD_022,PROV_BANNERFIELDS_006
PROV_FENWARD_022,PROV_BANNERFIELDS_007
PROV_MAREN_COAST_075,PROV_MAREN_COAST_076
PROV_MAREN_COAST_075,PROV_BANNERFIELDS_008
PROV_MAREN_COAST_075,PROV_BANNERFIELDS_012
PROV_MAREN_COAST_087,PROV_MAREN_COAST_090
PROV_MAREN_COAST_087,PROV_MAREN_COAST_091
PROV_FENWARD_001,PROV_FENWARD_002
PROV_FENWARD_001,PROV_FENWARD_008
PROV_FENWARD_002,PROV_FENWARD_003
PROV_FENWARD_002,PROV_FENWARD_008
PROV_FENWARD_002,PROV_FENWARD_009
PROV_FENWARD_002,PROV_BANNERFIELDS_001
PROV_FENWARD_008,PROV_FENWARD_009
PROV_FENWARD_003,PROV_FENWARD_004
PROV_FENWARD_003,PROV_FENWARD_010
PROV_FENWARD_003,PROV_FENWARD_011
PROV_FENWARD_003,PROV_BANNERFIELDS_001
PROV_FENWARD_009,PROV_FENWARD_010
PROV_FENWARD_009,PROV_FENWARD_015
PROV_FENWARD_009,PROV_BANNERFIELDS_001
PROV_FENWARD_010,PROV_FENWARD_011
PROV_FENWARD_010,PROV_FENWARD_015
PROV_FENWARD_010,PROV_FENWARD_016
PROV_FENWARD_010,PROV_BANNERFIELDS_001
PROV_FENWARD_011,PROV_FENWARD_012
PROV_FENWARD_011,PROV_FENWARD_016
PROV_FENWARD_011,PROV_FENWARD_017
PROV_FENWARD_012,PROV_FENWARD_013
PROV_FENWARD_012,PROV_FENWARD_017
PROV_FENWARD_013,PROV_FENWARD_014
PROV_FENWARD_015,PROV_FENWARD_016
PROV_FENWARD_015,PROV_FENWARD_021
PROV_FENWARD_016,PROV_FENWARD_017
PROV_FENWARD_016,PROV_FENWARD_021
PROV_FENWARD_016,PROV_BANNERFIELDS_003
PROV_FENWARD_016,PROV_BANNERFIELDS_004
PROV_FENWARD_017,PROV_FENWARD_018
PROV_FENWARD_017,PROV_BANNERFIELDS_004
PROV_FENWARD_017,PROV_BANNERFIELDS_005
PROV_FENWARD_021,PROV_BANNERFIELDS_002
PROV_FENWARD_021,PROV_BANNERFIELDS_003
PROV_BANNERFIELDS_003,PROV_BANNERFIELDS_004
PROV_BANNERFIELDS_003,PROV_BANNERFIELDS_010
PROV_BANNERFIELDS_004,PROV_BANNERFIELDS_005
PROV_BANNERFIELDS_004,PROV_BANNERFIELDS_010
PROV_BANNERFIELDS_004,PROV_BANNERFIELDS_011
PROV_FENWARD_018,PROV_FENWARD_019
PROV_FENWARD_018,PROV_FENWARD_022
PROV_FENWARD_018,PROV_BANNERFIELDS_005
PROV_BANNERFIELDS_005,PROV_BANNERFIELDS_006
PROV_BANNERFIELDS_005,PROV_BANNERFIELDS_011
PROV_BANNERFIELDS_002,PROV_BANNERFIELDS_003
PROV_BANNERFIELDS_002,PROV_BANNERFIELDS_009
PROV_BANNERFIELDS_002,PROV_BANNERFIELDS_010
